period,variable,shock,value
0,attack,ε_rn,0.0
1,attack,ε_rn,0.0
2,attack,ε_rn,0.0
3,attack,ε_rn,0.0
4,attack,ε_rn,0.0
5,attack,ε_rn,0.0
6,attack,ε_rn,0.0
7,attack,ε_rn,0.0
8,attack,ε_rn,0.0
9,attack,ε_rn,0.0
10,attack,ε_rn,0.0
11,attack,ε_rn,0.0
12,attack,ε_rn,0.0
13,attack,ε_rn,0.0
14,attack,ε_rn,0.0
15,attack,ε_rn,0.0
0,i,ε_rn,0.4136460554371002
1,i,ε_rn,0.33091684434968016
2,i,ε_rn,0.2647334754797442
3,i,ε_rn,0.21178678038379542
4,i,ε_rn,0.1694294243070364
5,i,ε_rn,0.13554353944562914
6,i,ε_rn,0.10843483155650335
7,i,ε_rn,0.08674786524520271
8,i,ε_rn,0.0693982921961622
9,i,ε_rn,0.05551863375692978
10,i,ε_rn,0.04441490700554384
11,i,ε_rn,0.035531925604435084
12,i,ε_rn,0.02842554048354808
13,i,ε_rn,0.022740432386838472
14,i,ε_rn,0.018192345909470786
15,i,ε_rn,0.014553876727576631
0,rn,ε_rn,0.4
1,rn,ε_rn,0.3200000000000001
2,rn,ε_rn,0.25600000000000017
3,rn,ε_rn,0.2048000000000002
4,rn,ε_rn,0.1638400000000002
5,rn,ε_rn,0.13107200000000022
6,rn,ε_rn,0.1048576000000002
7,rn,ε_rn,0.0838860800000002
8,rn,ε_rn,0.06710886400000018
9,rn,ε_rn,0.05368709120000017
10,rn,ε_rn,0.04294967296000015
11,rn,ε_rn,0.03435973836800013
12,rn,ε_rn,0.027487790694400115
13,rn,ε_rn,0.0219902325555201
14,rn,ε_rn,0.017592186044416085
15,rn,ε_rn,0.014073748835532873
0,ygap,ε_rn,0.44349680170575745
1,ygap,ε_rn,0.3547974413646062
2,ygap,ε_rn,0.283837953091685
3,ygap,ε_rn,0.2270703624733481
4,ygap,ε_rn,0.18165628997867855
5,ygap,ε_rn,0.1453250319829429
6,ygap,ε_rn,0.11626002558635434
7,ygap,ε_rn,0.0930080204690835
8,ygap,ε_rn,0.07440641637526683
9,ygap,ε_rn,0.05952513310021349
10,ygap,ε_rn,0.04762010648017081
11,ygap,ε_rn,0.03809608518413666
12,ygap,ε_rn,0.03047686814730934
13,ygap,ε_rn,0.02438149451784748
14,ygap,ε_rn,0.019505195614277993
15,ygap,ε_rn,0.015604156491422397
0,ν,ε_rn,0.0
1,ν,ε_rn,0.0
2,ν,ε_rn,0.0
3,ν,ε_rn,0.0
4,ν,ε_rn,0.0
5,ν,ε_rn,0.0
6,ν,ε_rn,0.0
7,ν,ε_rn,0.0
8,ν,ε_rn,0.0
9,ν,ε_rn,0.0
10,ν,ε_rn,0.0
11,ν,ε_rn,0.0
12,ν,ε_rn,0.0
13,ν,ε_rn,0.0
14,ν,ε_rn,0.0
15,ν,ε_rn,0.0
0,π,ε_rn,0.1279317697228143
1,π,ε_rn,0.1023454157782514
2,π,ε_rn,0.08187633262260115
3,π,ε_rn,0.06550106609808094
4,π,ε_rn,0.05240085287846477
5,π,ε_rn,0.04192068230277183
6,π,ε_rn,0.03353654584221748
7,π,ε_rn,0.026829236673773987
8,π,ε_rn,0.021463389339019198
9,π,ε_rn,0.017170711471215367
10,π,ε_rn,0.013736569176972298
11,π,ε_rn,0.010989255341577842
12,π,ε_rn,0.008791404273262277
13,π,ε_rn,0.007033123418609824
14,π,ε_rn,0.005626498734887861
15,π,ε_rn,0.0045011989879102906
0,attack,ε_ν,0.0
1,attack,ε_ν,0.0
2,attack,ε_ν,0.0
3,attack,ε_ν,0.0
4,attack,ε_ν,0.0
5,attack,ε_ν,0.0
6,attack,ε_ν,0.0
7,attack,ε_ν,0.0
8,attack,ε_ν,0.0
9,attack,ε_ν,0.0
10,attack,ε_ν,0.0
11,attack,ε_ν,0.0
12,attack,ε_ν,0.0
13,attack,ε_ν,0.0
14,attack,ε_ν,0.0
15,attack,ε_ν,0.0
0,i,ε_ν,0.04520743919885549
1,i,ε_ν,0.027124463519313254
2,i,ε_ν,0.01627467811158795
3,i,ε_ν,0.009764806866952767
4,i,ε_ν,0.005858884120171658
5,i,ε_ν,0.0035153304721029927
6,i,ε_ν,0.002109198283261794
7,i,ε_ν,0.001265518969957075
8,i,ε_ν,0.0007593113819742437
9,i,ε_ν,0.0004555868291845453
10,i,ε_ν,0.0002733520975107264
11,i,ε_ν,0.0001640112585064352
12,i,ε_ν,9.840675510386062e-5
13,i,ε_ν,5.9044053062315954e-5
14,i,ε_ν,3.542643183738924e-5
15,i,ε_ν,2.125585910243328e-5
0,rn,ε_ν,1.2952601953960152e-17
1,rn,ε_ν,1.8410090199658915e-18
2,rn,ε_ν,-3.639836309948627e-18
3,rn,ε_ν,-5.979455163511707e-18
4,rn,ε_ν,-6.62411580014105e-18
5,rn,ε_ν,-6.4036236417118524e-18
6,rn,ε_ν,-5.78549751432889e-18
7,rn,ε_ν,-5.025957172038757e-18
8,rn,ε_ν,-4.259301233976394e-18
9,rn,ε_ν,-3.550562284988348e-18
10,rn,ε_ν,-2.9263226066750184e-18
11,rn,ε_ν,-2.3925817525506187e-18
12,rn,ε_ν,-1.944979602366858e-18
13,rn,ε_ν,-1.574532202089304e-18
14,rn,ε_ν,-1.2707548737889341e-18
15,rn,ε_ν,-1.0232813663016418e-18
0,ygap,ε_ν,-0.14520743919885548
1,ygap,ε_ν,-0.08712446351931327
2,ygap,ε_ν,-0.05227467811158798
3,ygap,ε_ν,-0.031364806866952796
4,ygap,ε_ν,-0.018818884120171683
5,ygap,ε_ν,-0.011291330472103013
6,ygap,ε_ν,-0.006774798283261812
7,ygap,ε_ν,-0.004064878969957089
8,ygap,ε_ν,-0.002438927381974255
9,ygap,ε_ν,-0.0014633564291845545
10,ygap,ε_ν,-0.0008780138575107337
11,ygap,ε_ν,-0.000526808314506441
12,ygap,ε_ν,-0.0003160849887038652
13,ygap,ε_ν,-0.0001896509932223196
14,ygap,ε_ν,-0.00011379059593339213
15,ygap,ε_ν,-6.827435756003558e-5
0,ν,ε_ν,0.3
1,ν,ε_ν,0.18000000000000002
2,ν,ε_ν,0.10800000000000003
3,ν,ε_ν,0.06480000000000002
4,ν,ε_ν,0.03888000000000002
5,ν,ε_ν,0.023328000000000015
6,ν,ε_ν,0.01399680000000001
7,ν,ε_ν,0.008398080000000007
8,ν,ε_ν,0.0050388480000000055
9,ν,ε_ν,0.003023308800000004
10,ν,ε_ν,0.0018139852800000025
11,ν,ε_ν,0.0010883911680000017
12,ν,ε_ν,0.0006530347008000011
13,ν,ε_ν,0.0003918208204800007
14,ν,ε_ν,0.00023509249228800046
15,ν,ε_ν,0.0001410554953728003
0,π,ε_ν,-0.021459227467811197
1,π,ε_ν,-0.012875536480686737
2,π,ε_ν,-0.007725321888412045
3,π,ε_ν,-0.004635193133047229
4,π,ε_ν,-0.0027811158798283385
5,π,ε_ν,-0.0016686695278970041
6,π,ε_ν,-0.0010012017167382033
7,π,ε_ν,-0.0006007210300429225
8,π,ε_ν,-0.00036043261802575394
9,π,ε_ν,-0.00021625957081545274
10,π,ε_ν,-0.00012975574248927192
11,π,ε_ν,-7.785344549356336e-5
12,π,ε_ν,-4.671206729613819e-5
13,π,ε_ν,-2.8027240377683048e-5
14,π,ε_ν,-1.6816344226609934e-5
15,π,ε_ν,-1.0089806535966046e-5
0,attack,ε_att,1.0
1,attack,ε_att,0.7999999999999999
2,attack,ε_att,0.6399999999999999
3,attack,ε_att,0.5119999999999999
4,attack,ε_att,0.4095999999999999
5,attack,ε_att,0.3276799999999999
6,attack,ε_att,0.26214399999999993
7,attack,ε_att,0.20971519999999993
8,attack,ε_att,0.16777215999999992
9,attack,ε_att,0.13421772799999993
10,attack,ε_att,0.10737418239999993
11,attack,ε_att,0.08589934591999994
12,attack,ε_att,0.06871947673599994
13,attack,ε_att,0.05497558138879995
14,attack,ε_att,0.04398046511103996
15,attack,ε_att,0.03518437208883196
0,i,ε_att,-0.017057569296375363
1,i,ε_att,-0.013646055437100402
2,i,ε_att,-0.010916844349680368
3,i,ε_att,-0.008733475479744332
4,i,ε_att,-0.006986780383795497
5,i,ε_att,-0.005589424307036421
6,i,ε_att,-0.004471539445629157
7,i,ε_att,-0.003577231556503341
8,i,ε_att,-0.002861785245202686
9,i,ε_att,-0.0022894281961621586
10,i,ε_att,-0.0018315425569297343
11,i,ε_att,-0.001465234045543794
12,i,ε_att,-0.0011721872364350405
13,i,ε_att,-0.0009377497891480363
14,i,ε_att,-0.0007501998313184323
15,i,ε_att,-0.0006001598650547485
0,rn,ε_att,5.181040781584061e-17
1,rn,ε_att,-1.7036505352304685e-17
2,rn,ε_att,-6.041706956582549e-17
3,rn,ε_att,-8.57639478798458e-17
4,rn,ε_att,-9.855539208562497e-17
5,rn,ε_att,-1.0279970069389865e-16
6,rn,ε_att,-1.0140407017543787e-16
7,rn,ε_att,-9.645470383660546e-17
8,rn,ε_att,-8.942892122628851e-17
9,rn,ε_att,-8.135526350663411e-17
10,rn,ε_att,-7.293391202578994e-17
11,rn,ε_att,-6.462689059701808e-17
12,rn,ε_att,-5.672532125872336e-17
13,rn,ε_att,-4.939930403186581e-17
14,rn,ε_att,-4.2734680845402346e-17
15,rn,ε_att,-3.6759934772249636e-17
0,ygap,ε_att,-0.554371002132196
1,ygap,ε_att,-0.4434968017057568
2,ygap,ε_att,-0.35479744136460545
3,ygap,ε_att,-0.2838379530916844
4,ygap,ε_att,-0.22707036247334755
5,ygap,ε_att,-0.18165628997867805
6,ygap,ε_att,-0.14532503198294244
7,ygap,ε_att,-0.11626002558635397
8,ygap,ε_att,-0.09300802046908319
9,ygap,ε_att,-0.07440641637526656
10,ygap,ε_att,-0.05952513310021324
11,ygap,ε_att,-0.0476201064801706
12,ygap,ε_att,-0.03809608518413648
13,ygap,ε_att,-0.03047686814730919
14,ygap,ε_att,-0.024381494517847355
15,ygap,ε_att,-0.019505195614277885
0,ν,ε_att,0.0
1,ν,ε_att,7.310603950622148e-18
2,ν,ε_att,1.0234845530871007e-17
3,ν,ε_att,1.081969384692078e-17
4,ν,ε_att,1.0234845530871007e-17
5,ν,ε_att,9.135330696697437e-18
6,ν,ε_att,7.876737120558328e-18
7,ν,ε_att,6.6424732343668895e-18
8,ν,ε_att,5.518628710245648e-18
9,ν,ε_att,4.5376930418477996e-18
10,ν,ε_att,3.703828477669008e-18
11,ν,ε_att,3.0072672086496678e-18
12,ν,ε_att,2.432336422828411e-18
13,ν,ε_att,1.9617827318079348e-18
14,ν,ε_att,1.5789743415734715e-18
15,ν,ε_att,1.2689083669350513e-18
0,π,ε_att,-0.15991471215351827
1,π,ε_att,-0.12793176972281467
2,π,ε_att,-0.10234541577825172
3,π,ε_att,-0.08187633262260138
4,π,ε_att,-0.06550106609808112
5,π,ε_att,-0.0524008528784649
6,π,ε_att,-0.041920682302771926
7,π,ε_att,-0.03353654584221755
8,π,ε_att,-0.02682923667377404
9,π,ε_att,-0.021463389339019232
10,π,ε_att,-0.017170711471215384
11,π,ε_att,-0.01373656917697231
12,π,ε_att,-0.01098925534157785
13,π,ε_att,-0.008791404273262278
14,π,ε_att,-0.007033123418609824
15,π,ε_att,-0.00562649873488786
