scenario,period,variable,shock,value
Toy (no frictions),0,attack,ε_rn,0.0
Toy (no frictions),1,attack,ε_rn,0.0
Toy (no frictions),2,attack,ε_rn,0.0
Toy (no frictions),3,attack,ε_rn,0.0
Toy (no frictions),4,attack,ε_rn,0.0
Toy (no frictions),5,attack,ε_rn,0.0
Toy (no frictions),6,attack,ε_rn,0.0
Toy (no frictions),7,attack,ε_rn,0.0
Toy (no frictions),8,attack,ε_rn,0.0
Toy (no frictions),9,attack,ε_rn,0.0
Toy (no frictions),10,attack,ε_rn,0.0
Toy (no frictions),11,attack,ε_rn,0.0
Toy (no frictions),12,attack,ε_rn,0.0
Toy (no frictions),13,attack,ε_rn,0.0
Toy (no frictions),14,attack,ε_rn,0.0
Toy (no frictions),15,attack,ε_rn,0.0
Toy (no frictions),0,i,ε_rn,0.41364605543710026
Toy (no frictions),1,i,ε_rn,0.33091684434968044
Toy (no frictions),2,i,ε_rn,0.26473347547974446
Toy (no frictions),3,i,ε_rn,0.21178678038379567
Toy (no frictions),4,i,ε_rn,0.1694294243070366
Toy (no frictions),5,i,ε_rn,0.13554353944562933
Toy (no frictions),6,i,ε_rn,0.10843483155650353
Toy (no frictions),7,i,ε_rn,0.08674786524520287
Toy (no frictions),8,i,ε_rn,0.06939829219616232
Toy (no frictions),9,i,ε_rn,0.05551863375692989
Toy (no frictions),10,i,ε_rn,0.04441490700554393
Toy (no frictions),11,i,ε_rn,0.03553192560443516
Toy (no frictions),12,i,ε_rn,0.028425540483548145
Toy (no frictions),13,i,ε_rn,0.022740432386838528
Toy (no frictions),14,i,ε_rn,0.01819234590947083
Toy (no frictions),15,i,ε_rn,0.014553876727576673
Toy (no frictions),0,rn,ε_rn,0.4000000000000001
Toy (no frictions),1,rn,ε_rn,0.32000000000000023
Toy (no frictions),2,rn,ε_rn,0.2560000000000003
Toy (no frictions),3,rn,ε_rn,0.20480000000000032
Toy (no frictions),4,rn,ε_rn,0.16384000000000032
Toy (no frictions),5,rn,ε_rn,0.13107200000000033
Toy (no frictions),6,rn,ε_rn,0.10485760000000031
Toy (no frictions),7,rn,ε_rn,0.0838860800000003
Toy (no frictions),8,rn,ε_rn,0.06710886400000027
Toy (no frictions),9,rn,ε_rn,0.05368709120000024
Toy (no frictions),10,rn,ε_rn,0.04294967296000021
Toy (no frictions),11,rn,ε_rn,0.03435973836800019
Toy (no frictions),12,rn,ε_rn,0.027487790694400164
Toy (no frictions),13,rn,ε_rn,0.021990232555520142
Toy (no frictions),14,rn,ε_rn,0.017592186044416123
Toy (no frictions),15,rn,ε_rn,0.014073748835532906
Toy (no frictions),0,ygap,ε_rn,0.44349680170575706
Toy (no frictions),1,ygap,ε_rn,0.35479744136460556
Toy (no frictions),2,ygap,ε_rn,0.28383795309168464
Toy (no frictions),3,ygap,ε_rn,0.22707036247334778
Toy (no frictions),4,ygap,ε_rn,0.1816562899786783
Toy (no frictions),5,ygap,ε_rn,0.1453250319829427
Toy (no frictions),6,ygap,ε_rn,0.11626002558635422
Toy (no frictions),7,ygap,ε_rn,0.09300802046908342
Toy (no frictions),8,ygap,ε_rn,0.07440641637526678
Toy (no frictions),9,ygap,ε_rn,0.05952513310021345
Toy (no frictions),10,ygap,ε_rn,0.04762010648017078
Toy (no frictions),11,ygap,ε_rn,0.038096085184136645
Toy (no frictions),12,ygap,ε_rn,0.030476868147309332
Toy (no frictions),13,ygap,ε_rn,0.024381494517847477
Toy (no frictions),14,ygap,ε_rn,0.019505195614277993
Toy (no frictions),15,ygap,ε_rn,0.015604156491422402
Toy (no frictions),0,ν,ε_rn,0.0
Toy (no frictions),1,ν,ε_rn,0.0
Toy (no frictions),2,ν,ε_rn,0.0
Toy (no frictions),3,ν,ε_rn,0.0
Toy (no frictions),4,ν,ε_rn,0.0
Toy (no frictions),5,ν,ε_rn,0.0
Toy (no frictions),6,ν,ε_rn,0.0
Toy (no frictions),7,ν,ε_rn,0.0
Toy (no frictions),8,ν,ε_rn,0.0
Toy (no frictions),9,ν,ε_rn,0.0
Toy (no frictions),10,ν,ε_rn,0.0
Toy (no frictions),11,ν,ε_rn,0.0
Toy (no frictions),12,ν,ε_rn,0.0
Toy (no frictions),13,ν,ε_rn,0.0
Toy (no frictions),14,ν,ε_rn,0.0
Toy (no frictions),15,ν,ε_rn,0.0
Toy (no frictions),0,π,ε_rn,0.12793176972281445
Toy (no frictions),1,π,ε_rn,0.10234541577825158
Toy (no frictions),2,π,ε_rn,0.08187633262260131
Toy (no frictions),3,π,ε_rn,0.06550106609808107
Toy (no frictions),4,π,ε_rn,0.05240085287846488
Toy (no frictions),5,π,ε_rn,0.04192068230277192
Toy (no frictions),6,π,ε_rn,0.033536545842217554
Toy (no frictions),7,π,ε_rn,0.026829236673774057
Toy (no frictions),8,π,ε_rn,0.021463389339019256
Toy (no frictions),9,π,ε_rn,0.017170711471215416
Toy (no frictions),10,π,ε_rn,0.013736569176972337
Toy (no frictions),11,π,ε_rn,0.010989255341577875
Toy (no frictions),12,π,ε_rn,0.008791404273262304
Toy (no frictions),13,π,ε_rn,0.007033123418609848
Toy (no frictions),14,π,ε_rn,0.005626498734887881
Toy (no frictions),15,π,ε_rn,0.004501198987910307
Toy (no frictions),0,attack,ε_ν,0.0
Toy (no frictions),1,attack,ε_ν,0.0
Toy (no frictions),2,attack,ε_ν,0.0
Toy (no frictions),3,attack,ε_ν,0.0
Toy (no frictions),4,attack,ε_ν,0.0
Toy (no frictions),5,attack,ε_ν,0.0
Toy (no frictions),6,attack,ε_ν,0.0
Toy (no frictions),7,attack,ε_ν,0.0
Toy (no frictions),8,attack,ε_ν,0.0
Toy (no frictions),9,attack,ε_ν,0.0
Toy (no frictions),10,attack,ε_ν,0.0
Toy (no frictions),11,attack,ε_ν,0.0
Toy (no frictions),12,attack,ε_ν,0.0
Toy (no frictions),13,attack,ε_ν,0.0
Toy (no frictions),14,attack,ε_ν,0.0
Toy (no frictions),15,attack,ε_ν,0.0
Toy (no frictions),0,i,ε_ν,0.045207439198855545
Toy (no frictions),1,i,ε_ν,0.02712446351931331
Toy (no frictions),2,i,ε_ν,0.016274678111587976
Toy (no frictions),3,i,ε_ν,0.009764806866952778
Toy (no frictions),4,i,ε_ν,0.005858884120171661
Toy (no frictions),5,i,ε_ν,0.003515330472102992
Toy (no frictions),6,i,ε_ν,0.0021091982832617913
Toy (no frictions),7,i,ε_ν,0.0012655189699570717
Toy (no frictions),8,i,ε_ν,0.0007593113819742406
Toy (no frictions),9,i,ε_ν,0.00045558682918454244
Toy (no frictions),10,i,ε_ν,0.0002733520975107239
Toy (no frictions),11,i,ε_ν,0.00016401125850643312
Toy (no frictions),12,i,ε_ν,9.840675510385887e-5
Toy (no frictions),13,i,ε_ν,5.904405306231453e-5
Toy (no frictions),14,i,ε_ν,3.542643183738808e-5
Toy (no frictions),15,i,ε_ν,2.1255859102432344e-5
Toy (no frictions),0,rn,ε_ν,-1.295260195396016e-17
Toy (no frictions),1,rn,ε_ν,-1.8883154106370364e-17
Toy (no frictions),2,rn,ε_ν,-2.0219166811017637e-17
Toy (no frictions),3,rn,ε_ν,-1.924291956436692e-17
Toy (no frictions),4,rn,ε_ν,-1.7234887320825224e-17
Toy (no frictions),5,rn,ε_ν,-1.4892240858259197e-17
Toy (no frictions),6,rn,ε_ν,-1.257639128756677e-17
Toy (no frictions),7,rn,ε_ν,-1.0458672190629063e-17
Toy (no frictions),8,rn,ε_ν,-8.60547324884864e-18
Toy (no frictions),9,rn,ε_ν,-7.027499896886147e-18
Toy (no frictions),10,rn,ε_ν,-5.707872696193259e-18
Toy (no frictions),11,rn,ε_ν,-4.6178218241652125e-18
Toy (no frictions),12,rn,ε_ν,-3.725171659658533e-18
Toy (no frictions),13,rn,ε_ν,-2.998685847922645e-18
Toy (no frictions),14,rn,ε_ν,-2.4100777904556072e-18
Toy (no frictions),15,rn,ε_ν,-1.934739699634981e-18
Toy (no frictions),0,ygap,ε_ν,-0.1452074391988555
Toy (no frictions),1,ygap,ε_ν,-0.08712446351931329
Toy (no frictions),2,ygap,ε_ν,-0.05227467811158798
Toy (no frictions),3,ygap,ε_ν,-0.031364806866952796
Toy (no frictions),4,ygap,ε_ν,-0.018818884120171683
Toy (no frictions),5,ygap,ε_ν,-0.011291330472103015
Toy (no frictions),6,ygap,ε_ν,-0.006774798283261813
Toy (no frictions),7,ygap,ε_ν,-0.00406487896995709
Toy (no frictions),8,ygap,ε_ν,-0.002438927381974257
Toy (no frictions),9,ygap,ε_ν,-0.0014633564291845562
Toy (no frictions),10,ygap,ε_ν,-0.0008780138575107353
Toy (no frictions),11,ygap,ε_ν,-0.0005268083145064425
Toy (no frictions),12,ygap,ε_ν,-0.00031608498870386656
Toy (no frictions),13,ygap,ε_ν,-0.00018965099322232077
Toy (no frictions),14,ygap,ε_ν,-0.00011379059593339313
Toy (no frictions),15,ygap,ε_ν,-6.827435756003642e-5
Toy (no frictions),0,ν,ε_ν,0.3
Toy (no frictions),1,ν,ε_ν,0.18
Toy (no frictions),2,ν,ε_ν,0.108
Toy (no frictions),3,ν,ε_ν,0.0648
Toy (no frictions),4,ν,ε_ν,0.03888
Toy (no frictions),5,ν,ε_ν,0.023327999999999998
Toy (no frictions),6,ν,ε_ν,0.013996799999999998
Toy (no frictions),7,ν,ε_ν,0.008398079999999999
Toy (no frictions),8,ν,ε_ν,0.005038847999999999
Toy (no frictions),9,ν,ε_ν,0.0030233087999999996
Toy (no frictions),10,ν,ε_ν,0.0018139852799999997
Toy (no frictions),11,ν,ε_ν,0.0010883911679999997
Toy (no frictions),12,ν,ε_ν,0.0006530347007999998
Toy (no frictions),13,ν,ε_ν,0.00039182082047999983
Toy (no frictions),14,ν,ε_ν,0.0002350924922879999
Toy (no frictions),15,ν,ε_ν,0.00014105549537279992
Toy (no frictions),0,π,ε_ν,-0.021459227467811127
Toy (no frictions),1,π,ε_ν,-0.012875536480686674
Toy (no frictions),2,π,ε_ν,-0.007725321888412007
Toy (no frictions),3,π,ε_ν,-0.004635193133047207
Toy (no frictions),4,π,ε_ν,-0.002781115879828326
Toy (no frictions),5,π,ε_ν,-0.001668669527896997
Toy (no frictions),6,π,ε_ν,-0.0010012017167381993
Toy (no frictions),7,π,ε_ν,-0.0006007210300429205
Toy (no frictions),8,π,ε_ν,-0.000360432618025753
Toy (no frictions),9,π,ε_ν,-0.00021625957081545242
Toy (no frictions),10,π,ε_ν,-0.00012975574248927192
Toy (no frictions),11,π,ε_ν,-7.785344549356354e-5
Toy (no frictions),12,π,ε_ν,-4.6712067296138425e-5
Toy (no frictions),13,π,ε_ν,-2.8027240377683295e-5
Toy (no frictions),14,π,ε_ν,-1.681634422661017e-5
Toy (no frictions),15,π,ε_ν,-1.008980653596626e-5
Toy (no frictions),0,attack,ε_att,1.0
Toy (no frictions),1,attack,ε_att,0.8
Toy (no frictions),2,attack,ε_att,0.6400000000000001
Toy (no frictions),3,attack,ε_att,0.5120000000000001
Toy (no frictions),4,attack,ε_att,0.40960000000000013
Toy (no frictions),5,attack,ε_att,0.32768000000000014
Toy (no frictions),6,attack,ε_att,0.2621440000000001
Toy (no frictions),7,attack,ε_att,0.2097152000000001
Toy (no frictions),8,attack,ε_att,0.1677721600000001
Toy (no frictions),9,attack,ε_att,0.13421772800000006
Toy (no frictions),10,attack,ε_att,0.10737418240000006
Toy (no frictions),11,attack,ε_att,0.08589934592000005
Toy (no frictions),12,attack,ε_att,0.06871947673600004
Toy (no frictions),13,attack,ε_att,0.054975581388800036
Toy (no frictions),14,attack,ε_att,0.043980465111040035
Toy (no frictions),15,attack,ε_att,0.03518437208883203
Toy (no frictions),0,i,ε_att,-0.01705756929637492
Toy (no frictions),1,i,ε_att,-0.013646055437100003
Toy (no frictions),2,i,ε_att,-0.010916844349680028
Toy (no frictions),3,i,ε_att,-0.008733475479744044
Toy (no frictions),4,i,ε_att,-0.006986780383795251
Toy (no frictions),5,i,ε_att,-0.005589424307036214
Toy (no frictions),6,i,ε_att,-0.004471539445628983
Toy (no frictions),7,i,ε_att,-0.0035772315565031944
Toy (no frictions),8,i,ε_att,-0.0028617852452025626
Toy (no frictions),9,i,ε_att,-0.0022894281961620554
Toy (no frictions),10,i,ε_att,-0.0018315425569296485
Toy (no frictions),11,i,ε_att,-0.0014652340455437224
Toy (no frictions),12,i,ε_att,-0.0011721872364349809
Toy (no frictions),13,i,ε_att,-0.0009377497891479868
Toy (no frictions),14,i,ε_att,-0.0007501998313183912
Toy (no frictions),15,i,ε_att,-0.0006001598650547147
Toy (no frictions),0,rn,ε_att,-5.181040781584064e-17
Toy (no frictions),1,rn,ε_att,-7.265714940711537e-17
Toy (no frictions),2,rn,ε_att,-8.309277804924659e-17
Toy (no frictions),3,rn,ε_att,-8.644786925824072e-17
Toy (no frictions),4,rn,ε_att,-8.513721286166734e-17
Toy (no frictions),5,rn,ε_att,-8.08929042533937e-17
Toy (no frictions),6,rn,ε_att,-7.494083057396282e-17
Toy (no frictions),7,rn,ε_att,-6.813387019616855e-17
Toy (no frictions),8,rn,ε_att,-6.105206074653348e-17
Toy (no frictions),9,rn,ε_att,-5.4077620268905696e-17
Toy (no frictions),10,rn,ε_att,-4.745087355246769e-17
Toy (no frictions),11,rn,ε_att,-4.131172071184866e-17
Toy (no frictions),12,rn,ε_att,-3.5730194065378534e-17
Toy (no frictions),13,rn,ε_att,-3.0728809249022513e-17
Toy (no frictions),14,rn,ε_att,-2.6298770596593763e-17
Toy (no frictions),15,rn,ε_att,-2.2411595035175612e-17
Toy (no frictions),0,ygap,ε_att,-0.5543710021321961
Toy (no frictions),1,ygap,ε_att,-0.4434968017057568
Toy (no frictions),2,ygap,ε_att,-0.35479744136460545
Toy (no frictions),3,ygap,ε_att,-0.2838379530916844
Toy (no frictions),4,ygap,ε_att,-0.22707036247334758
Toy (no frictions),5,ygap,ε_att,-0.1816562899786781
Toy (no frictions),6,ygap,ε_att,-0.1453250319829425
Toy (no frictions),7,ygap,ε_att,-0.11626002558635401
Toy (no frictions),8,ygap,ε_att,-0.09300802046908321
Toy (no frictions),9,ygap,ε_att,-0.07440641637526658
Toy (no frictions),10,ygap,ε_att,-0.05952513310021327
Toy (no frictions),11,ygap,ε_att,-0.04762010648017062
Toy (no frictions),12,ygap,ε_att,-0.0380960851841365
Toy (no frictions),13,ygap,ε_att,-0.030476868147309204
Toy (no frictions),14,ygap,ε_att,-0.024381494517847366
Toy (no frictions),15,ygap,ε_att,-0.0195051956142779
Toy (no frictions),0,ν,ε_att,0.0
Toy (no frictions),1,ν,ε_att,7.31060395062215e-18
Toy (no frictions),2,ν,ε_att,1.0234845530871009e-17
Toy (no frictions),3,ν,ε_att,1.0819693846920781e-17
Toy (no frictions),4,ν,ε_att,1.023484553087101e-17
Toy (no frictions),5,ν,ε_att,9.13533069669744e-18
Toy (no frictions),6,ν,ε_att,7.876737120558331e-18
Toy (no frictions),7,ν,ε_att,6.642473234366892e-18
Toy (no frictions),8,ν,ε_att,5.51862871024565e-18
Toy (no frictions),9,ν,ε_att,4.537693041847802e-18
Toy (no frictions),10,ν,ε_att,3.7038284776690105e-18
Toy (no frictions),11,ν,ε_att,3.00726720864967e-18
Toy (no frictions),12,ν,ε_att,2.4323364228284128e-18
Toy (no frictions),13,ν,ε_att,1.9617827318079363e-18
Toy (no frictions),14,ν,ε_att,1.5789743415734729e-18
Toy (no frictions),15,ν,ε_att,1.2689083669350526e-18
Toy (no frictions),0,π,ε_att,-0.15991471215351788
Toy (no frictions),1,π,ε_att,-0.12793176972281428
Toy (no frictions),2,π,ε_att,-0.10234541577825144
Toy (no frictions),3,π,ε_att,-0.08187633262260119
Toy (no frictions),4,π,ε_att,-0.06550106609808096
Toy (no frictions),5,π,ε_att,-0.052400852878464764
Toy (no frictions),6,π,ε_att,-0.04192068230277182
Toy (no frictions),7,π,ε_att,-0.03353654584221746
Toy (no frictions),8,π,ε_att,-0.026829236673773973
Toy (no frictions),9,π,ε_att,-0.02146338933901918
Toy (no frictions),10,π,ε_att,-0.017170711471215346
Toy (no frictions),11,π,ε_att,-0.013736569176972278
Toy (no frictions),12,π,ε_att,-0.010989255341577823
Toy (no frictions),13,π,ε_att,-0.00879140427326226
Toy (no frictions),14,π,ε_att,-0.007033123418609809
Toy (no frictions),15,π,ε_att,-0.005626498734887848
+ Indexation (χ_p=0.5),0,attack,ε_rn,0.0
+ Indexation (χ_p=0.5),1,attack,ε_rn,0.0
+ Indexation (χ_p=0.5),2,attack,ε_rn,0.0
+ Indexation (χ_p=0.5),3,attack,ε_rn,0.0
+ Indexation (χ_p=0.5),4,attack,ε_rn,0.0
+ Indexation (χ_p=0.5),5,attack,ε_rn,0.0
+ Indexation (χ_p=0.5),6,attack,ε_rn,0.0
+ Indexation (χ_p=0.5),7,attack,ε_rn,0.0
+ Indexation (χ_p=0.5),8,attack,ε_rn,0.0
+ Indexation (χ_p=0.5),9,attack,ε_rn,0.0
+ Indexation (χ_p=0.5),10,attack,ε_rn,0.0
+ Indexation (χ_p=0.5),11,attack,ε_rn,0.0
+ Indexation (χ_p=0.5),12,attack,ε_rn,0.0
+ Indexation (χ_p=0.5),13,attack,ε_rn,0.0
+ Indexation (χ_p=0.5),14,attack,ε_rn,0.0
+ Indexation (χ_p=0.5),15,attack,ε_rn,0.0
+ Indexation (χ_p=0.5),0,i,ε_rn,0.4262245946361936
+ Indexation (χ_p=0.5),1,i,ε_rn,0.4017123817950697
+ Indexation (χ_p=0.5),2,i,ε_rn,0.3476203750054619
+ Indexation (χ_p=0.5),3,i,ε_rn,0.28944252837162265
+ Indexation (χ_p=0.5),4,i,ε_rn,0.23645819775677585
+ Indexation (χ_p=0.5),5,i,ε_rn,0.19128628753181232
+ Indexation (χ_p=0.5),6,i,ε_rn,0.15394523965554477
+ Indexation (χ_p=0.5),7,i,ε_rn,0.1235522045907142
+ Indexation (χ_p=0.5),8,i,ε_rn,0.09901293213130255
+ Indexation (χ_p=0.5),9,i,ε_rn,0.07928432976909469
+ Indexation (χ_p=0.5),10,i,ε_rn,0.06345944191319357
+ Indexation (χ_p=0.5),11,i,ε_rn,0.05078137540908418
+ Indexation (χ_p=0.5),12,i,ε_rn,0.040631074551455745
+ Indexation (χ_p=0.5),13,i,ε_rn,0.03250744187733297
+ Indexation (χ_p=0.5),14,i,ε_rn,0.026007069620615688
+ Indexation (χ_p=0.5),15,i,ε_rn,0.02080613811598532
+ Indexation (χ_p=0.5),0,rn,ε_rn,0.4000000000000001
+ Indexation (χ_p=0.5),1,rn,ε_rn,0.3200000000000002
+ Indexation (χ_p=0.5),2,rn,ε_rn,0.2560000000000002
+ Indexation (χ_p=0.5),3,rn,ε_rn,0.20480000000000026
+ Indexation (χ_p=0.5),4,rn,ε_rn,0.16384000000000026
+ Indexation (χ_p=0.5),5,rn,ε_rn,0.13107200000000024
+ Indexation (χ_p=0.5),6,rn,ε_rn,0.10485760000000023
+ Indexation (χ_p=0.5),7,rn,ε_rn,0.08388608000000021
+ Indexation (χ_p=0.5),8,rn,ε_rn,0.06710886400000018
+ Indexation (χ_p=0.5),9,rn,ε_rn,0.05368709120000017
+ Indexation (χ_p=0.5),10,rn,ε_rn,0.04294967296000015
+ Indexation (χ_p=0.5),11,rn,ε_rn,0.03435973836800013
+ Indexation (χ_p=0.5),12,rn,ε_rn,0.027487790694400115
+ Indexation (χ_p=0.5),13,rn,ε_rn,0.0219902325555201
+ Indexation (χ_p=0.5),14,rn,ε_rn,0.017592186044416085
+ Indexation (χ_p=0.5),15,rn,ε_rn,0.014073748835532873
+ Indexation (χ_p=0.5),0,ygap,ε_rn,0.4309182625066637
+ Indexation (χ_p=0.5),1,ygap,ε_rn,0.2840019039192163
+ Indexation (χ_p=0.5),2,ygap,ε_rn,0.20095105356596704
+ Indexation (χ_p=0.5),3,ygap,ε_rn,0.14941461448552065
+ Indexation (χ_p=0.5),4,ygap,ε_rn,0.11462751652893895
+ Indexation (χ_p=0.5),5,ygap,ε_rn,0.08958228389675962
+ Indexation (χ_p=0.5),6,ygap,ε_rn,0.07074961748731283
+ Indexation (χ_p=0.5),7,ygap,ε_rn,0.05620368112357194
+ Indexation (χ_p=0.5),8,ygap,ε_rn,0.044791776440126406
+ Indexation (χ_p=0.5),9,ygap,ε_rn,0.0357594370880485
+ Indexation (χ_p=0.5),10,ygap,ε_rn,0.02857557157252102
+ Indexation (χ_p=0.5),11,ygap,ε_rn,0.022846635379487515
+ Indexation (χ_p=0.5),12,ygap,ε_rn,0.018271334079401635
+ Indexation (χ_p=0.5),13,ygap,ε_rn,0.01461448502735295
+ Indexation (χ_p=0.5),14,ygap,ε_rn,0.011690471903133064
+ Indexation (χ_p=0.5),15,ygap,ε_rn,0.009351895103013685
+ Indexation (χ_p=0.5),0,ν,ε_rn,0.0
+ Indexation (χ_p=0.5),1,ν,ε_rn,0.0
+ Indexation (χ_p=0.5),2,ν,ε_rn,0.0
+ Indexation (χ_p=0.5),3,ν,ε_rn,0.0
+ Indexation (χ_p=0.5),4,ν,ε_rn,0.0
+ Indexation (χ_p=0.5),5,ν,ε_rn,0.0
+ Indexation (χ_p=0.5),6,ν,ε_rn,0.0
+ Indexation (χ_p=0.5),7,ν,ε_rn,0.0
+ Indexation (χ_p=0.5),8,ν,ε_rn,0.0
+ Indexation (χ_p=0.5),9,ν,ε_rn,0.0
+ Indexation (χ_p=0.5),10,ν,ε_rn,0.0
+ Indexation (χ_p=0.5),11,ν,ε_rn,0.0
+ Indexation (χ_p=0.5),12,ν,ε_rn,0.0
+ Indexation (χ_p=0.5),13,ν,ε_rn,0.0
+ Indexation (χ_p=0.5),14,ν,ε_rn,0.0
+ Indexation (χ_p=0.5),15,ν,ε_rn,0.0
+ Indexation (χ_p=0.5),0,π,ε_rn,0.1405103089219078
+ Indexation (χ_p=0.5),1,π,ε_rn,0.17314095322364087
+ Indexation (χ_p=0.5),2,π,ε_rn,0.1647632321483188
+ Indexation (χ_p=0.5),3,π,ε_rn,0.14315681408590814
+ Indexation (χ_p=0.5),4,π,ε_rn,0.11942962632820416
+ Indexation (χ_p=0.5),5,π,ε_rn,0.09766343038895493
+ Indexation (χ_p=0.5),6,π,ε_rn,0.07904695394125884
+ Indexation (χ_p=0.5),7,π,ε_rn,0.06363357601928543
+ Indexation (χ_p=0.5),8,π,ε_rn,0.051078029274159525
+ Indexation (χ_p=0.5),9,π,ε_rn,0.04093640748338026
+ Indexation (χ_p=0.5),10,π,ε_rn,0.032781104084622016
+ Indexation (χ_p=0.5),11,π,ε_rn,0.02623870514622693
+ Indexation (χ_p=0.5),12,π,ε_rn,0.020996938341169936
+ Indexation (χ_p=0.5),13,π,ε_rn,0.016800132909104315
+ Indexation (χ_p=0.5),14,π,ε_rn,0.013441222446032759
+ Indexation (χ_p=0.5),15,π,ε_rn,0.010753460376318977
+ Indexation (χ_p=0.5),0,attack,ε_ν,0.0
+ Indexation (χ_p=0.5),1,attack,ε_ν,0.0
+ Indexation (χ_p=0.5),2,attack,ε_ν,0.0
+ Indexation (χ_p=0.5),3,attack,ε_ν,0.0
+ Indexation (χ_p=0.5),4,attack,ε_ν,0.0
+ Indexation (χ_p=0.5),5,attack,ε_ν,0.0
+ Indexation (χ_p=0.5),6,attack,ε_ν,0.0
+ Indexation (χ_p=0.5),7,attack,ε_ν,0.0
+ Indexation (χ_p=0.5),8,attack,ε_ν,0.0
+ Indexation (χ_p=0.5),9,attack,ε_ν,0.0
+ Indexation (χ_p=0.5),10,attack,ε_ν,0.0
+ Indexation (χ_p=0.5),11,attack,ε_ν,0.0
+ Indexation (χ_p=0.5),12,attack,ε_ν,0.0
+ Indexation (χ_p=0.5),13,attack,ε_ν,0.0
+ Indexation (χ_p=0.5),14,attack,ε_ν,0.0
+ Indexation (χ_p=0.5),15,attack,ε_ν,0.0
+ Indexation (χ_p=0.5),0,i,ε_ν,0.04010271424012292
+ Indexation (χ_p=0.5),1,i,ε_ν,0.012579903625915292
+ Indexation (χ_p=0.5),2,i,ε_ν,0.002585201504302849
+ Indexation (χ_p=0.5),3,i,ε_ν,-0.0005939222112009384
+ Indexation (χ_p=0.5),4,i,ε_ν,-0.0012835043234763195
+ Indexation (χ_p=0.5),5,i,ε_ν,-0.001170844642234803
+ Indexation (χ_p=0.5),6,i,ε_ν,-0.000875719336173064
+ Indexation (χ_p=0.5),7,i,ε_ν,-0.0006002991827434883
+ Indexation (χ_p=0.5),8,i,ε_ν,-0.00039253948970411506
+ Indexation (χ_p=0.5),9,i,ε_ν,-0.00024951063309329994
+ Indexation (χ_p=0.5),10,i,ε_ν,-0.00015575194817262096
+ Indexation (χ_p=0.5),11,i,ε_ν,-9.60642421116186e-5
+ Indexation (χ_p=0.5),12,i,ε_ν,-5.876799269572867e-5
+ Indexation (χ_p=0.5),13,i,ε_ν,-3.574897615918366e-5
+ Indexation (χ_p=0.5),14,i,ε_ν,-2.166039174614335e-5
+ Indexation (χ_p=0.5),15,i,ε_ν,-1.3087438095731576e-5
+ Indexation (χ_p=0.5),0,rn,ε_ν,1.295260195396016e-17
+ Indexation (χ_p=0.5),1,rn,ε_ν,6.111606413735553e-18
+ Indexation (χ_p=0.5),2,rn,ε_ν,2.339000041328897e-18
+ Indexation (χ_p=0.5),3,rn,ε_ν,3.4102897926739e-19
+ Indexation (χ_p=0.5),4,rn,ε_ν,-6.4527944886352475e-19
+ Indexation (χ_p=0.5),5,rn,ε_ν,-1.067085138457282e-18
+ Indexation (χ_p=0.5),6,rn,ε_ν,-1.1841850583857032e-18
+ Indexation (χ_p=0.5),7,rn,ε_ν,-1.1456582152804891e-18
+ Indexation (χ_p=0.5),8,rn,ε_ν,-1.0355126733675473e-18
+ Indexation (χ_p=0.5),9,rn,ε_ν,-8.998017993799316e-19
+ Indexation (χ_p=0.5),10,rn,ε_ν,-7.626764359154816e-19
+ Indexation (χ_p=0.5),11,rn,ε_ν,-6.358421465793072e-19
+ Indexation (χ_p=0.5),12,rn,ε_ν,-5.240943159715989e-19
+ Indexation (χ_p=0.5),13,rn,ε_ν,-4.285278120021711e-19
+ Indexation (χ_p=0.5),14,rn,ε_ν,-3.4837366513667204e-19
+ Indexation (χ_p=0.5),15,rn,ε_ν,-2.820297814302988e-19
+ Indexation (χ_p=0.5),0,ygap,ε_ν,-0.14010271424012288
+ Indexation (χ_p=0.5),1,ygap,ε_ν,-0.07257990362591527
+ Indexation (χ_p=0.5),2,ygap,ε_ν,-0.03858520150430284
+ Indexation (χ_p=0.5),3,ygap,ε_ν,-0.021006077788799055
+ Indexation (χ_p=0.5),4,ygap,ε_ν,-0.01167649567652368
+ Indexation (χ_p=0.5),5,ygap,ε_ν,-0.006605155357765198
+ Indexation (χ_p=0.5),6,ygap,ε_ν,-0.0037898806638269377
+ Indexation (χ_p=0.5),7,ygap,ε_ν,-0.0021990608172565134
+ Indexation (χ_p=0.5),8,ygap,ε_ν,-0.0012870765102958866
+ Indexation (χ_p=0.5),9,ygap,ε_ν,-0.0007582589669067018
+ Indexation (χ_p=0.5),10,ygap,ε_ν,-0.0004489098118273806
+ Indexation (χ_p=0.5),11,ygap,ε_ν,-0.0002667328138883826
+ Indexation (χ_p=0.5),12,ygap,ε_ν,-0.0001589102409042724
+ Indexation (χ_p=0.5),13,ygap,ε_ν,-9.485796400081719e-5
+ Indexation (χ_p=0.5),14,ygap,ε_ν,-5.670377234985735e-5
+ Indexation (χ_p=0.5),15,ygap,ε_ν,-3.3931060361869004e-5
+ Indexation (χ_p=0.5),0,ν,ε_ν,0.3
+ Indexation (χ_p=0.5),1,ν,ε_ν,0.18
+ Indexation (χ_p=0.5),2,ν,ε_ν,0.108
+ Indexation (χ_p=0.5),3,ν,ε_ν,0.0648
+ Indexation (χ_p=0.5),4,ν,ε_ν,0.03888
+ Indexation (χ_p=0.5),5,ν,ε_ν,0.023327999999999998
+ Indexation (χ_p=0.5),6,ν,ε_ν,0.013996799999999998
+ Indexation (χ_p=0.5),7,ν,ε_ν,0.008398079999999999
+ Indexation (χ_p=0.5),8,ν,ε_ν,0.005038847999999999
+ Indexation (χ_p=0.5),9,ν,ε_ν,0.0030233087999999996
+ Indexation (χ_p=0.5),10,ν,ε_ν,0.0018139852799999997
+ Indexation (χ_p=0.5),11,ν,ε_ν,0.0010883911679999997
+ Indexation (χ_p=0.5),12,ν,ε_ν,0.0006530347007999998
+ Indexation (χ_p=0.5),13,ν,ε_ν,0.00039182082047999983
+ Indexation (χ_p=0.5),14,ν,ε_ν,0.0002350924922879999
+ Indexation (χ_p=0.5),15,ν,ε_ν,0.00014105549537279992
+ Indexation (χ_p=0.5),0,π,ε_ν,-0.026563952426543736
+ Indexation (χ_p=0.5),1,π,ε_ν,-0.0274200963740847
+ Indexation (χ_p=0.5),2,π,ε_ν,-0.021414798495697145
+ Indexation (χ_p=0.5),3,π,ε_ν,-0.014993922211200933
+ Indexation (χ_p=0.5),4,π,ε_ν,-0.009923504323476315
+ Indexation (χ_p=0.5),5,π,ε_ν,-0.006354844642234799
+ Indexation (χ_p=0.5),6,π,ε_ν,-0.003986119336173061
+ Indexation (χ_p=0.5),7,π,ε_ν,-0.0024665391827434864
+ Indexation (χ_p=0.5),8,π,ε_ν,-0.0015122834897041135
+ Indexation (χ_p=0.5),9,π,ε_ν,-0.0009213570330932988
+ Indexation (χ_p=0.5),10,π,ε_ν,-0.0005588597881726201
+ Indexation (χ_p=0.5),11,π,ε_ν,-0.00033792894611161796
+ Indexation (χ_p=0.5),12,π,ε_ν,-0.00020388681509572818
+ Indexation (χ_p=0.5),13,π,ε_ν,-0.00012282026959918328
+ Indexation (χ_p=0.5),14,π,ε_ν,-7.390316781014305e-5
+ Indexation (χ_p=0.5),15,π,ε_ν,-4.443310373413134e-5
+ Indexation (χ_p=0.5),0,attack,ε_att,1.0
+ Indexation (χ_p=0.5),1,attack,ε_att,0.7999999999999998
+ Indexation (χ_p=0.5),2,attack,ε_att,0.6399999999999997
+ Indexation (χ_p=0.5),3,attack,ε_att,0.5119999999999997
+ Indexation (χ_p=0.5),4,attack,ε_att,0.40959999999999963
+ Indexation (χ_p=0.5),5,attack,ε_att,0.32767999999999964
+ Indexation (χ_p=0.5),6,attack,ε_att,0.26214399999999966
+ Indexation (χ_p=0.5),7,attack,ε_att,0.20971519999999969
+ Indexation (χ_p=0.5),8,attack,ε_att,0.1677721599999997
+ Indexation (χ_p=0.5),9,attack,ε_att,0.13421772799999973
+ Indexation (χ_p=0.5),10,attack,ε_att,0.10737418239999975
+ Indexation (χ_p=0.5),11,attack,ε_att,0.08589934591999979
+ Indexation (χ_p=0.5),12,attack,ε_att,0.06871947673599982
+ Indexation (χ_p=0.5),13,attack,ε_att,0.05497558138879984
+ Indexation (χ_p=0.5),14,attack,ε_att,0.04398046511103986
+ Indexation (χ_p=0.5),15,attack,ε_att,0.03518437208883188
+ Indexation (χ_p=0.5),0,i,ε_att,-0.03278074329524194
+ Indexation (χ_p=0.5),1,i,ε_att,-0.10214047724383718
+ Indexation (χ_p=0.5),2,i,ε_att,-0.1145254687568275
+ Indexation (χ_p=0.5),3,i,ε_att,-0.1058031604645284
+ Indexation (χ_p=0.5),4,i,ε_att,-0.09077274719596982
+ Indexation (χ_p=0.5),5,i,ε_att,-0.07526785941476538
+ Indexation (χ_p=0.5),6,i,ε_att,-0.06135954956943094
+ Indexation (χ_p=0.5),7,i,ε_att,-0.04958265573839271
+ Indexation (χ_p=0.5),8,i,ε_att,-0.03988008516412815
+ Indexation (χ_p=0.5),9,i,ε_att,-0.031996548211368325
+ Indexation (χ_p=0.5),10,i,ε_att,-0.025637211191491923
+ Indexation (χ_p=0.5),11,i,ε_att,-0.020527046301355188
+ Indexation (χ_p=0.5),12,i,ε_att,-0.01642910482131964
+ Indexation (χ_p=0.5),13,i,ε_att,-0.013146511652266175
+ Indexation (χ_p=0.5),14,i,ε_att,-0.010518604470249576
+ Indexation (χ_p=0.5),15,i,ε_att,-0.008415486600565623
+ Indexation (χ_p=0.5),0,rn,ε_att,0.0
+ Indexation (χ_p=0.5),1,rn,ε_att,-1.1761281028438656e-16
+ Indexation (χ_p=0.5),2,rn,ε_att,-1.881804964550185e-16
+ Indexation (χ_p=0.5),3,rn,ε_att,-2.258165957460222e-16
+ Indexation (χ_p=0.5),4,rn,ε_att,-2.408710354624237e-16
+ Indexation (χ_p=0.5),5,rn,ε_att,-2.408710354624237e-16
+ Indexation (χ_p=0.5),6,rn,ε_att,-2.312361940439268e-16
+ Indexation (χ_p=0.5),7,rn,ε_att,-2.158204477743317e-16
+ Indexation (χ_p=0.5),8,rn,ε_att,-1.9732155225081756e-16
+ Indexation (χ_p=0.5),9,rn,ε_att,-1.7758939702573582e-16
+ Indexation (χ_p=0.5),10,rn,ε_att,-1.5785724180065407e-16
+ Indexation (χ_p=0.5),11,rn,ε_att,-1.3891437278457558e-16
+ Indexation (χ_p=0.5),12,rn,ε_att,-1.2123436170290233e-16
+ Indexation (χ_p=0.5),13,rn,ε_att,-1.0506978014251535e-16
+ Indexation (χ_p=0.5),14,rn,ε_att,-9.052165673816708e-17
+ Indexation (χ_p=0.5),15,rn,ε_att,-7.75899914898575e-17
+ Indexation (χ_p=0.5),0,ygap,ε_att,-0.5386478281333295
+ Indexation (χ_p=0.5),1,ygap,ε_att,-0.35500237989902017
+ Indexation (χ_p=0.5),2,ygap,ε_att,-0.2511888169574585
+ Indexation (χ_p=0.5),3,ygap,ε_att,-0.18676826810690048
+ Indexation (χ_p=0.5),4,ygap,ε_att,-0.14328439566117337
+ Indexation (χ_p=0.5),5,ygap,ε_att,-0.1119778548709492
+ Indexation (χ_p=0.5),6,ygap,ε_att,-0.08843702185914078
+ Indexation (χ_p=0.5),7,ygap,ε_att,-0.07025460140446471
+ Indexation (χ_p=0.5),8,ygap,ε_att,-0.05598972055015782
+ Indexation (χ_p=0.5),9,ygap,ε_att,-0.044699296360060474
+ Indexation (χ_p=0.5),10,ygap,ε_att,-0.03571946446565115
+ Indexation (χ_p=0.5),11,ygap,ε_att,-0.028558294224359283
+ Indexation (χ_p=0.5),12,ygap,ε_att,-0.02283916759925194
+ Indexation (χ_p=0.5),13,ygap,ε_att,-0.018268106284191107
+ Indexation (χ_p=0.5),14,ygap,ε_att,-0.014613089878916255
+ Indexation (χ_p=0.5),15,ygap,ε_att,-0.011689868878767046
+ Indexation (χ_p=0.5),0,ν,ε_att,0.0
+ Indexation (χ_p=0.5),1,ν,ε_att,2.1881263789939733e-17
+ Indexation (χ_p=0.5),2,ν,ε_att,3.063376930591562e-17
+ Indexation (χ_p=0.5),3,ν,ε_att,3.2384270409110794e-17
+ Indexation (χ_p=0.5),4,ν,ε_att,3.063376930591561e-17
+ Indexation (χ_p=0.5),5,ν,ε_att,2.7342827231908672e-17
+ Indexation (χ_p=0.5),6,ν,ε_att,2.3575748857832646e-17
+ Indexation (χ_p=0.5),7,ν,ε_att,1.988149132964954e-17
+ Indexation (χ_p=0.5),8,ν,ε_att,1.6517728409749686e-17
+ Indexation (χ_p=0.5),9,ν,ε_att,1.3581703935417779e-17
+ Indexation (χ_p=0.5),10,ν,ε_att,1.1085875872905042e-17
+ Indexation (χ_p=0.5),11,ν,ε_att,9.001008333066523e-18
+ Indexation (χ_p=0.5),12,ν,ε_att,7.280191247298713e-18
+ Indexation (χ_p=0.5),13,ν,ε_att,5.871783746346266e-18
+ Indexation (χ_p=0.5),14,ν,ε_att,4.7260054461813904e-18
+ Indexation (χ_p=0.5),15,ν,ε_att,3.7979514264077385e-18
+ Indexation (χ_p=0.5),0,π,ε_att,-0.17563788615238488
+ Indexation (χ_p=0.5),1,π,ε_att,-0.21642619152955128
+ Indexation (χ_p=0.5),2,π,ε_att,-0.20595404018539867
+ Indexation (χ_p=0.5),3,π,ε_att,-0.17894601760738527
+ Indexation (χ_p=0.5),4,π,ε_att,-0.14928703291025525
+ Indexation (χ_p=0.5),5,π,ε_att,-0.12207928798619368
+ Indexation (χ_p=0.5),6,π,ε_att,-0.09880869242657354
+ Indexation (χ_p=0.5),7,π,ε_att,-0.07954197002410678
+ Indexation (χ_p=0.5),8,π,ε_att,-0.06384753659269937
+ Indexation (χ_p=0.5),9,π,ε_att,-0.051170509354225284
+ Indexation (χ_p=0.5),10,π,ε_att,-0.04097638010577747
+ Indexation (χ_p=0.5),11,π,ε_att,-0.032798381432783616
+ Indexation (χ_p=0.5),12,π,ε_att,-0.026246172926462377
+ Indexation (χ_p=0.5),13,π,ε_att,-0.021000166136380356
+ Indexation (χ_p=0.5),14,π,ε_att,-0.016801528057540913
+ Indexation (χ_p=0.5),15,π,ε_att,-0.01344182547039869
+ Habit (h=0.7),0,attack,ε_rn,0.0
+ Habit (h=0.7),1,attack,ε_rn,0.0
+ Habit (h=0.7),2,attack,ε_rn,0.0
+ Habit (h=0.7),3,attack,ε_rn,0.0
+ Habit (h=0.7),4,attack,ε_rn,0.0
+ Habit (h=0.7),5,attack,ε_rn,0.0
+ Habit (h=0.7),6,attack,ε_rn,0.0
+ Habit (h=0.7),7,attack,ε_rn,0.0
+ Habit (h=0.7),8,attack,ε_rn,0.0
+ Habit (h=0.7),9,attack,ε_rn,0.0
+ Habit (h=0.7),10,attack,ε_rn,0.0
+ Habit (h=0.7),11,attack,ε_rn,0.0
+ Habit (h=0.7),12,attack,ε_rn,0.0
+ Habit (h=0.7),13,attack,ε_rn,0.0
+ Habit (h=0.7),14,attack,ε_rn,0.0
+ Habit (h=0.7),15,attack,ε_rn,0.0
+ Habit (h=0.7),0,i,ε_rn,0.2547966361517735
+ Habit (h=0.7),1,i,ε_rn,0.2681625829343303
+ Habit (h=0.7),2,i,ε_rn,0.24720844548838417
+ Habit (h=0.7),3,i,ε_rn,0.21436795210521556
+ Habit (h=0.7),4,i,ε_rn,0.17992806330575317
+ Habit (h=0.7),5,i,ε_rn,0.14822692052647338
+ Habit (h=0.7),6,i,ε_rn,0.12075812304853649
+ Habit (h=0.7),7,i,ε_rn,0.09771224301797514
+ Habit (h=0.7),8,i,ε_rn,0.07873153225607352
+ Habit (h=0.7),9,i,ε_rn,0.06327059858329385
+ Habit (h=0.7),10,i,ε_rn,0.05076145329532273
+ Habit (h=0.7),11,i,ε_rn,0.0406828122152004
+ Habit (h=0.7),12,i,ε_rn,0.03258366506344629
+ Habit (h=0.7),13,i,ε_rn,0.026085939681786567
+ Habit (h=0.7),14,i,ε_rn,0.02087840795883659
+ Habit (h=0.7),15,i,ε_rn,0.01670763189460309
+ Habit (h=0.7),0,rn,ε_rn,0.4
+ Habit (h=0.7),1,rn,ε_rn,0.3200000000000001
+ Habit (h=0.7),2,rn,ε_rn,0.25600000000000017
+ Habit (h=0.7),3,rn,ε_rn,0.2048000000000002
+ Habit (h=0.7),4,rn,ε_rn,0.1638400000000002
+ Habit (h=0.7),5,rn,ε_rn,0.13107200000000022
+ Habit (h=0.7),6,rn,ε_rn,0.1048576000000002
+ Habit (h=0.7),7,rn,ε_rn,0.0838860800000002
+ Habit (h=0.7),8,rn,ε_rn,0.06710886400000018
+ Habit (h=0.7),9,rn,ε_rn,0.05368709120000017
+ Habit (h=0.7),10,rn,ε_rn,0.04294967296000015
+ Habit (h=0.7),11,rn,ε_rn,0.03435973836800013
+ Habit (h=0.7),12,rn,ε_rn,0.027487790694400115
+ Habit (h=0.7),13,rn,ε_rn,0.0219902325555201
+ Habit (h=0.7),14,rn,ε_rn,0.017592186044416085
+ Habit (h=0.7),15,rn,ε_rn,0.014073748835532873
+ Habit (h=0.7),0,ygap,ε_rn,0.185915246698397
+ Habit (h=0.7),1,ygap,ε_rn,0.24318043738437875
+ Habit (h=0.7),2,ygap,ε_rn,0.2425257296079868
+ Habit (h=0.7),3,ygap,ε_rn,0.2183959748777605
+ Habit (h=0.7),4,ygap,ε_rn,0.18709991059668443
+ Habit (h=0.7),5,ygap,ε_rn,0.15597077831818038
+ Habit (h=0.7),6,ygap,ε_rn,0.12797248585718016
+ Habit (h=0.7),7,ygap,ε_rn,0.10400154382827313
+ Habit (h=0.7),8,ygap,ε_rn,0.08402602984690663
+ Habit (h=0.7),9,ygap,ε_rn,0.06763983424457033
+ Habit (h=0.7),10,ygap,ε_rn,0.0543247320876205
+ Habit (h=0.7),11,ygap,ε_rn,0.04356792470590255
+ Habit (h=0.7),12,ygap,ε_rn,0.03490927631130089
+ Habit (h=0.7),13,ygap,ε_rn,0.0279553297882625
+ Habit (h=0.7),14,ygap,ε_rn,0.02237844196472027
+ Habit (h=0.7),15,ygap,ε_rn,0.017909956315162484
+ Habit (h=0.7),0,ν,ε_rn,0.0
+ Habit (h=0.7),1,ν,ε_rn,0.0
+ Habit (h=0.7),2,ν,ε_rn,0.0
+ Habit (h=0.7),3,ν,ε_rn,0.0
+ Habit (h=0.7),4,ν,ε_rn,0.0
+ Habit (h=0.7),5,ν,ε_rn,0.0
+ Habit (h=0.7),6,ν,ε_rn,0.0
+ Habit (h=0.7),7,ν,ε_rn,0.0
+ Habit (h=0.7),8,ν,ε_rn,0.0
+ Habit (h=0.7),9,ν,ε_rn,0.0
+ Habit (h=0.7),10,ν,ε_rn,0.0
+ Habit (h=0.7),11,ν,ε_rn,0.0
+ Habit (h=0.7),12,ν,ε_rn,0.0
+ Habit (h=0.7),13,ν,ε_rn,0.0
+ Habit (h=0.7),14,ν,ε_rn,0.0
+ Habit (h=0.7),15,ν,ε_rn,0.0
+ Habit (h=0.7),0,π,ε_rn,0.10789267520171666
+ Habit (h=0.7),1,π,ε_rn,0.09771490949476046
+ Habit (h=0.7),2,π,ε_rn,0.08396372045626037
+ Habit (h=0.7),3,π,ε_rn,0.07011330977755675
+ Habit (h=0.7),4,π,ε_rn,0.05758540533827387
+ Habit (h=0.7),5,π,ε_rn,0.046827687578255374
+ Habit (h=0.7),6,π,ε_rn,0.03784792007996421
+ Habit (h=0.7),7,π,ε_rn,0.030474314069225662
+ Habit (h=0.7),8,π,ε_rn,0.024479011555080085
+ Habit (h=0.7),9,π,ε_rn,0.019633787640672418
+ Habit (h=0.7),10,π,ε_rn,0.015732724834341624
+ Habit (h=0.7),11,π,ε_rn,0.01259923324149939
+ Habit (h=0.7),12,π,ε_rn,0.010086017938530544
+ Habit (h=0.7),13,π,ε_rn,0.008072183191770197
+ Habit (h=0.7),14,π,ε_rn,0.006459457984317624
+ Habit (h=0.7),15,π,ε_rn,0.005168435824681222
+ Habit (h=0.7),0,attack,ε_ν,0.0
+ Habit (h=0.7),1,attack,ε_ν,0.0
+ Habit (h=0.7),2,attack,ε_ν,0.0
+ Habit (h=0.7),3,attack,ε_ν,0.0
+ Habit (h=0.7),4,attack,ε_ν,0.0
+ Habit (h=0.7),5,attack,ε_ν,0.0
+ Habit (h=0.7),6,attack,ε_ν,0.0
+ Habit (h=0.7),7,attack,ε_ν,0.0
+ Habit (h=0.7),8,attack,ε_ν,0.0
+ Habit (h=0.7),9,attack,ε_ν,0.0
+ Habit (h=0.7),10,attack,ε_ν,0.0
+ Habit (h=0.7),11,attack,ε_ν,0.0
+ Habit (h=0.7),12,attack,ε_ν,0.0
+ Habit (h=0.7),13,attack,ε_ν,0.0
+ Habit (h=0.7),14,attack,ε_ν,0.0
+ Habit (h=0.7),15,attack,ε_ν,0.0
+ Habit (h=0.7),0,i,ε_ν,0.09704471315901368
+ Habit (h=0.7),1,i,ε_ν,0.03885820871523686
+ Habit (h=0.7),2,i,ε_ν,0.013475323444022797
+ Habit (h=0.7),3,i,ε_ν,0.0030865019867614184
+ Habit (h=0.7),4,i,ε_ν,-0.0006875229688849678
+ Habit (h=0.7),5,i,ε_ν,-0.0017025862575743402
+ Habit (h=0.7),6,i,ε_ν,-0.0016769314345360805
+ Habit (h=0.7),7,i,ε_ν,-0.001339103352488873
+ Habit (h=0.7),8,i,ε_ν,-0.0009726037135973279
+ Habit (h=0.7),9,i,ε_ν,-0.0006694892102772095
+ Habit (h=0.7),10,i,ε_ν,-0.0004453459558403914
+ Habit (h=0.7),11,i,ε_ν,-0.0002893837813665619
+ Habit (h=0.7),12,i,ε_ν,-0.00018489617541036244
+ Habit (h=0.7),13,i,ε_ν,-0.00011666098544327058
+ Habit (h=0.7),14,i,ε_ν,-7.290411903135485e-5
+ Habit (h=0.7),15,i,ε_ν,-4.521954704947682e-5
+ Habit (h=0.7),0,rn,ε_ν,0.0
+ Habit (h=0.7),1,rn,ε_ν,-1.045790518881918e-18
+ Habit (h=0.7),2,rn,ε_ν,-1.4641067264346855e-18
+ Habit (h=0.7),3,rn,ε_ν,-1.5477699679452395e-18
+ Habit (h=0.7),4,rn,ε_ν,-1.4641067264346867e-18
+ Habit (h=0.7),5,rn,ε_ν,-1.3068198323948464e-18
+ Habit (h=0.7),6,rn,ε_ν,-1.1267765366641355e-18
+ Habit (h=0.7),7,rn,ε_ν,-9.502136317802636e-19
+ Habit (h=0.7),8,rn,ε_ν,-7.894463468935841e-19
+ Habit (h=0.7),9,rn,ε_ν,-6.491223423964912e-19
+ Habit (h=0.7),10,rn,ε_ν,-5.298370328461674e-19
+ Habit (h=0.7),11,rn,ε_ν,-4.3019312163431866e-19
+ Habit (h=0.7),12,rn,ε_ν,-3.4794859452188577e-19
+ Habit (h=0.7),13,rn,ε_ν,-2.8063533394616716e-19
+ Habit (h=0.7),14,rn,ε_ν,-2.258741421541289e-19
+ Habit (h=0.7),15,rn,ε_ν,-1.815188387216202e-19
+ Habit (h=0.7),0,ygap,ε_ν,-0.05597988766229108
+ Habit (h=0.7),1,ygap,ε_ν,-0.06202670757915345
+ Habit (h=0.7),2,ygap,ε_ν,-0.0516634262168785
+ Habit (h=0.7),3,ygap,ε_ν,-0.03833759180825723
+ Habit (h=0.7),4,ygap,ε_ν,-0.02673116948046325
+ Habit (h=0.7),5,ygap,ε_ν,-0.017932903877953436
+ Habit (h=0.7),6,ygap,ε_ν,-0.011722030607290723
+ Habit (h=0.7),7,ygap,ε_ν,-0.007522077864099859
+ Habit (h=0.7),8,ygap,ε_ν,-0.004761596007659389
+ Habit (h=0.7),9,ygap,ε_ν,-0.002983123444638684
+ Habit (h=0.7),10,ygap,ε_ν,-0.0018539685493769715
+ Habit (h=0.7),11,ygap,ε_ν,-0.0011449422626361972
+ Habit (h=0.7),12,ygap,ε_ν,-0.0007035069901839456
+ Habit (h=0.7),13,ygap,ε_ν,-0.0004305076366153598
+ Habit (h=0.7),14,ygap,ε_ν,-0.00026257367968362204
+ Habit (h=0.7),15,ygap,ε_ν,-0.0001597129851040406
+ Habit (h=0.7),0,ν,ε_ν,0.3
+ Habit (h=0.7),1,ν,ε_ν,0.18000000000000005
+ Habit (h=0.7),2,ν,ε_ν,0.10800000000000007
+ Habit (h=0.7),3,ν,ε_ν,0.06480000000000007
+ Habit (h=0.7),4,ν,ε_ν,0.03888000000000005
+ Habit (h=0.7),5,ν,ε_ν,0.02332800000000004
+ Habit (h=0.7),6,ν,ε_ν,0.013996800000000028
+ Habit (h=0.7),7,ν,ε_ν,0.00839808000000002
+ Habit (h=0.7),8,ν,ε_ν,0.005038848000000013
+ Habit (h=0.7),9,ν,ε_ν,0.003023308800000009
+ Habit (h=0.7),10,ν,ε_ν,0.001813985280000006
+ Habit (h=0.7),11,ν,ε_ν,0.0010883911680000039
+ Habit (h=0.7),12,ν,ε_ν,0.0006530347008000025
+ Habit (h=0.7),13,ν,ε_ν,0.0003918208204800016
+ Habit (h=0.7),14,ν,ε_ν,0.00023509249228800106
+ Habit (h=0.7),15,ν,ε_ν,0.00014105549537280068
+ Habit (h=0.7),0,π,ε_ν,-0.016643562006560513
+ Habit (h=0.7),1,π,ε_ν,-0.013418958330124292
+ Habit (h=0.7),2,π,ε_ν,-0.009795308965025316
+ Habit (h=0.7),3,π,ε_ν,-0.006763134739406658
+ Habit (h=0.7),4,π,ε_ν,-0.0045079588191022394
+ Habit (h=0.7),5,π,ε_ν,-0.00293342287906509
+ Habit (h=0.7),6,π,ε_ν,-0.0018762107539271524
+ Habit (h=0.7),7,π,ε_ν,-0.0011847362802926335
+ Habit (h=0.7),8,π,ε_ν,-0.0007408198065117586
+ Habit (h=0.7),9,π,ε_ν,-0.0004597212586385805
+ Habit (h=0.7),10,π,ε_ν,-0.0002835695474346052
+ Habit (h=0.7),11,π,ε_ν,-0.00017407215603230976
+ Habit (h=0.7),12,π,ε_ν,-0.00010644002047892704
+ Habit (h=0.7),13,π,ε_ν,-6.487838491706084e-5
+ Habit (h=0.7),14,π,ε_ν,-3.944235022236282e-5
+ Habit (h=0.7),15,π,ε_ν,-2.392720145590452e-5
+ Habit (h=0.7),0,attack,ε_att,1.0
+ Habit (h=0.7),1,attack,ε_att,0.8000000000000002
+ Habit (h=0.7),2,attack,ε_att,0.6400000000000002
+ Habit (h=0.7),3,attack,ε_att,0.5120000000000002
+ Habit (h=0.7),4,attack,ε_att,0.40960000000000024
+ Habit (h=0.7),5,attack,ε_att,0.32768000000000025
+ Habit (h=0.7),6,attack,ε_att,0.26214400000000027
+ Habit (h=0.7),7,attack,ε_att,0.20971520000000024
+ Habit (h=0.7),8,attack,ε_att,0.16777216000000023
+ Habit (h=0.7),9,attack,ε_att,0.1342177280000002
+ Habit (h=0.7),10,attack,ε_att,0.10737418240000018
+ Habit (h=0.7),11,attack,ε_att,0.08589934592000016
+ Habit (h=0.7),12,attack,ε_att,0.06871947673600014
+ Habit (h=0.7),13,attack,ε_att,0.05497558138880012
+ Habit (h=0.7),14,attack,ε_att,0.043980465111040104
+ Habit (h=0.7),15,attack,ε_att,0.03518437208883209
+ Habit (h=0.7),0,i,ε_att,0.18150420481028323
+ Habit (h=0.7),1,i,ε_att,0.06479677133208762
+ Habit (h=0.7),2,i,ε_att,0.010989443139520423
+ Habit (h=0.7),3,i,ε_att,-0.011959940131518817
+ Habit (h=0.7),4,i,ε_att,-0.020110079132190883
+ Habit (h=0.7),5,i,ε_att,-0.02144365065809118
+ Habit (h=0.7),6,i,ε_att,-0.019875653810670135
+ Habit (h=0.7),7,i,ε_att,-0.017282703772468506
+ Habit (h=0.7),8,i,ε_att,-0.014528335320091524
+ Habit (h=0.7),9,i,ε_att,-0.011979384229116988
+ Habit (h=0.7),10,i,ε_att,-0.009764725419153129
+ Habit (h=0.7),11,i,ε_att,-0.007903842309000254
+ Habit (h=0.7),12,i,ε_att,-0.006369842961307655
+ Habit (h=0.7),13,i,ε_att,-0.0051196339078330355
+ Habit (h=0.7),14,i,ε_att,-0.0041077773930255895
+ Habit (h=0.7),15,i,ε_att,-0.003292353823837737
+ Habit (h=0.7),0,rn,ε_att,0.0
+ Habit (h=0.7),1,rn,ε_att,-7.110695538133681e-18
+ Habit (h=0.7),2,rn,ε_att,-1.1377112861013893e-17
+ Habit (h=0.7),3,rn,ε_att,-1.3652535433216676e-17
+ Habit (h=0.7),4,rn,ε_att,-1.456270446209779e-17
+ Habit (h=0.7),5,rn,ε_att,-1.4562704462097793e-17
+ Habit (h=0.7),6,rn,ε_att,-1.3980196283613884e-17
+ Habit (h=0.7),7,rn,ε_att,-1.3048183198039628e-17
+ Habit (h=0.7),8,rn,ε_att,-1.1929767495350521e-17
+ Habit (h=0.7),9,rn,ε_att,-1.0736790745815471e-17
+ Habit (h=0.7),10,rn,ε_att,-9.543813996280422e-18
+ Habit (h=0.7),11,rn,ε_att,-8.398556316726773e-18
+ Habit (h=0.7),12,rn,ε_att,-7.329649149143367e-18
+ Habit (h=0.7),13,rn,ε_att,-6.352362595924253e-18
+ Habit (h=0.7),14,rn,ε_att,-5.47280469802705e-18
+ Habit (h=0.7),15,rn,ε_att,-4.690975455451758e-18
+ Habit (h=0.7),0,ygap,ε_att,-0.23239405837299584
+ Habit (h=0.7),1,ygap,ε_att,-0.3039755467304727
+ Habit (h=0.7),2,ygap,ε_att,-0.3031571620099827
+ Habit (h=0.7),3,ygap,ε_att,-0.27299496859719985
+ Habit (h=0.7),4,ygap,ε_att,-0.23387488824585484
+ Habit (h=0.7),5,ygap,ε_att,-0.19496347289772487
+ Habit (h=0.7),6,ygap,ε_att,-0.1599656073214747
+ Habit (h=0.7),7,ygap,ε_att,-0.130001929785341
+ Habit (h=0.7),8,ygap,ε_att,-0.10503253730863295
+ Habit (h=0.7),9,ygap,ε_att,-0.0845497928057126
+ Habit (h=0.7),10,ygap,ε_att,-0.06790591510952537
+ Habit (h=0.7),11,ygap,ε_att,-0.05445990588237798
+ Habit (h=0.7),12,ygap,ε_att,-0.04363659538912593
+ Habit (h=0.7),13,ygap,ε_att,-0.03494416223532798
+ Habit (h=0.7),14,ygap,ε_att,-0.027973052455900215
+ Habit (h=0.7),15,ygap,ε_att,-0.022387445393953
+ Habit (h=0.7),0,ν,ε_att,0.0
+ Habit (h=0.7),1,ν,ε_att,-1.7629267361614655e-18
+ Habit (h=0.7),2,ν,ε_att,-2.4680974306260525e-18
+ Habit (h=0.7),3,ν,ε_att,-2.6091315695189704e-18
+ Habit (h=0.7),4,ν,ε_att,-2.4680974306260536e-18
+ Habit (h=0.7),5,ν,ε_att,-2.2029532495073693e-18
+ Habit (h=0.7),6,ν,ε_att,-1.8994477826098114e-18
+ Habit (h=0.7),7,ν,ε_att,-1.6018093358901988e-18
+ Habit (h=0.7),8,ν,ε_att,-1.330798134593569e-18
+ Habit (h=0.7),9,ν,ε_att,-1.0942489072037012e-18
+ Habit (h=0.7),10,ν,ε_att,-8.931653654802686e-19
+ Habit (h=0.7),11,ν,ε_att,-7.251920362145995e-19
+ Habit (h=0.7),12,ν,ε_att,-5.865494752699104e-19
+ Habit (h=0.7),13,ν,ε_att,-4.730770879948669e-19
+ Habit (h=0.7),14,ν,ε_att,-3.807641750632566e-19
+ Habit (h=0.7),15,ν,ε_att,-3.0599284285102316e-19
+ Habit (h=0.7),0,π,ε_att,-0.13486584400214588
+ Habit (h=0.7),1,π,ε_att,-0.12214363686845066
+ Habit (h=0.7),2,π,ε_att,-0.10495465057032549
+ Habit (h=0.7),3,π,ε_att,-0.08764163722194594
+ Habit (h=0.7),4,π,ε_att,-0.07198175667284232
+ Habit (h=0.7),5,π,ε_att,-0.058534609472819195
+ Habit (h=0.7),6,π,ε_att,-0.047309900099955234
+ Habit (h=0.7),7,π,ε_att,-0.038092892586532055
+ Habit (h=0.7),8,π,ε_att,-0.03059876444385008
+ Habit (h=0.7),9,π,ε_att,-0.0245422345508405
+ Habit (h=0.7),10,π,ε_att,-0.019665906042927003
+ Habit (h=0.7),11,π,ε_att,-0.015749041551874215
+ Habit (h=0.7),12,π,ε_att,-0.01260752242316316
+ Habit (h=0.7),13,π,ε_att,-0.010090228989712726
+ Habit (h=0.7),14,π,ε_att,-0.008074322480397016
+ Habit (h=0.7),15,π,ε_att,-0.006460544780851513
+ Smoothing (ρ_i=0.7),0,attack,ε_rn,0.0
+ Smoothing (ρ_i=0.7),1,attack,ε_rn,0.0
+ Smoothing (ρ_i=0.7),2,attack,ε_rn,0.0
+ Smoothing (ρ_i=0.7),3,attack,ε_rn,0.0
+ Smoothing (ρ_i=0.7),4,attack,ε_rn,0.0
+ Smoothing (ρ_i=0.7),5,attack,ε_rn,0.0
+ Smoothing (ρ_i=0.7),6,attack,ε_rn,0.0
+ Smoothing (ρ_i=0.7),7,attack,ε_rn,0.0
+ Smoothing (ρ_i=0.7),8,attack,ε_rn,0.0
+ Smoothing (ρ_i=0.7),9,attack,ε_rn,0.0
+ Smoothing (ρ_i=0.7),10,attack,ε_rn,0.0
+ Smoothing (ρ_i=0.7),11,attack,ε_rn,0.0
+ Smoothing (ρ_i=0.7),12,attack,ε_rn,0.0
+ Smoothing (ρ_i=0.7),13,attack,ε_rn,0.0
+ Smoothing (ρ_i=0.7),14,attack,ε_rn,0.0
+ Smoothing (ρ_i=0.7),15,attack,ε_rn,0.0
+ Smoothing (ρ_i=0.7),0,i,ε_rn,0.1593035995514098
+ Smoothing (ρ_i=0.7),1,i,ε_rn,0.20482815261407486
+ Smoothing (ρ_i=0.7),2,i,ε_rn,0.20145414268213643
+ Smoothing (ρ_i=0.7),3,i,ε_rn,0.17942428143779876
+ Smoothing (ρ_i=0.7),4,i,ε_rn,0.1524100968904113
+ Smoothing (ρ_i=0.7),5,i,ε_rn,0.1262372039601913
+ Smoothing (ρ_i=0.7),6,i,ε_rn,0.10308301735312927
+ Smoothing (ρ_i=0.7),7,i,ε_rn,0.08348325874327428
+ Smoothing (ρ_i=0.7),8,i,ε_rn,0.06728056204236144
+ Smoothing (ρ_i=0.7),9,i,ε_rn,0.054064399304289065
+ Smoothing (ρ_i=0.7),10,i,ε_rn,0.04336808034221794
+ Smoothing (ρ_i=0.7),11,i,ε_rn,0.034751086327488016
+ Smoothing (ρ_i=0.7),12,i,ε_rn,0.027828374486194633
+ Smoothing (ρ_i=0.7),13,i,ε_rn,0.02227606096161944
+ Smoothing (ρ_i=0.7),14,i,ε_rn,0.017827339353775676
+ Smoothing (ρ_i=0.7),15,i,ε_rn,0.014265024429050404
+ Smoothing (ρ_i=0.7),0,rn,ε_rn,0.39999999999999997
+ Smoothing (ρ_i=0.7),1,rn,ε_rn,0.32
+ Smoothing (ρ_i=0.7),2,rn,ε_rn,0.256
+ Smoothing (ρ_i=0.7),3,rn,ε_rn,0.2048
+ Smoothing (ρ_i=0.7),4,rn,ε_rn,0.16384
+ Smoothing (ρ_i=0.7),5,rn,ε_rn,0.13107200000000002
+ Smoothing (ρ_i=0.7),6,rn,ε_rn,0.10485760000000002
+ Smoothing (ρ_i=0.7),7,rn,ε_rn,0.08388608000000003
+ Smoothing (ρ_i=0.7),8,rn,ε_rn,0.06710886400000003
+ Smoothing (ρ_i=0.7),9,rn,ε_rn,0.05368709120000003
+ Smoothing (ρ_i=0.7),10,rn,ε_rn,0.042949672960000025
+ Smoothing (ρ_i=0.7),11,rn,ε_rn,0.03435973836800002
+ Smoothing (ρ_i=0.7),12,rn,ε_rn,0.027487790694400018
+ Smoothing (ρ_i=0.7),13,rn,ε_rn,0.021990232555520017
+ Smoothing (ρ_i=0.7),14,rn,ε_rn,0.017592186044416015
+ Smoothing (ρ_i=0.7),15,rn,ε_rn,0.014073748835532814
+ Smoothing (ρ_i=0.7),0,ygap,ε_rn,0.7188030283437012
+ Smoothing (ρ_i=0.7),1,ygap,ε_rn,0.40610783208237333
+ Smoothing (ρ_i=0.7),2,ygap,ε_rn,0.2428225242037256
+ Smoothing (ρ_i=0.7),3,ygap,ε_rn,0.15439372846111543
+ Smoothing (ρ_i=0.7),4,ygap,ε_rn,0.1041500152351974
+ Smoothing (ρ_i=0.7),5,ygap,ε_rn,0.07391304773206833
+ Smoothing (ρ_i=0.7),6,ygap,ε_rn,0.054560795601738175
+ Smoothing (ρ_i=0.7),7,ygap,ε_rn,0.041428830778688516
+ Smoothing (ρ_i=0.7),8,ygap,ε_rn,0.032064744542712686
+ Smoothing (ρ_i=0.7),9,ygap,ε_rn,0.025127977628824277
+ Smoothing (ρ_i=0.7),10,ygap,ε_rn,0.01984792583561799
+ Smoothing (ρ_i=0.7),11,ygap,ε_rn,0.015754732866968997
+ Smoothing (ρ_i=0.7),12,ygap,ε_rn,0.012543741049842065
+ Smoothing (ρ_i=0.7),13,ygap,ε_rn,0.010005824524844364
+ Smoothing (ρ_i=0.7),14,ygap,ε_rn,0.007990490460942119
+ Smoothing (ρ_i=0.7),15,ygap,ε_rn,0.006385509384094568
+ Smoothing (ρ_i=0.7),0,ν,ε_rn,0.0
+ Smoothing (ρ_i=0.7),1,ν,ε_rn,0.0
+ Smoothing (ρ_i=0.7),2,ν,ε_rn,0.0
+ Smoothing (ρ_i=0.7),3,ν,ε_rn,0.0
+ Smoothing (ρ_i=0.7),4,ν,ε_rn,0.0
+ Smoothing (ρ_i=0.7),5,ν,ε_rn,0.0
+ Smoothing (ρ_i=0.7),6,ν,ε_rn,0.0
+ Smoothing (ρ_i=0.7),7,ν,ε_rn,0.0
+ Smoothing (ρ_i=0.7),8,ν,ε_rn,0.0
+ Smoothing (ρ_i=0.7),9,ν,ε_rn,0.0
+ Smoothing (ρ_i=0.7),10,ν,ε_rn,0.0
+ Smoothing (ρ_i=0.7),11,ν,ε_rn,0.0
+ Smoothing (ρ_i=0.7),12,ν,ε_rn,0.0
+ Smoothing (ρ_i=0.7),13,ν,ε_rn,0.0
+ Smoothing (ρ_i=0.7),14,ν,ε_rn,0.0
+ Smoothing (ρ_i=0.7),15,ν,ε_rn,0.0
+ Smoothing (ρ_i=0.7),0,π,ε_rn,0.11440698955523253
+ Smoothing (ρ_i=0.7),1,π,ε_rn,0.07199879581273781
+ Smoothing (ρ_i=0.7),2,π,ε_rn,0.04811346049272265
+ Smoothing (ρ_i=0.7),3,π,ε_rn,0.033882938424746566
+ Smoothing (ρ_i=0.7),4,π,ε_rn,0.024867994663716794
+ Smoothing (ρ_i=0.7),5,π,ε_rn,0.018807064393540338
+ Smoothing (ρ_i=0.7),6,π,ε_rn,0.014517456090521437
+ Smoothing (ρ_i=0.7),7,π,ε_rn,0.011357382176178927
+ Smoothing (ρ_i=0.7),8,π,ε_rn,0.00896126497925011
+ Smoothing (ρ_i=0.7),9,π,ε_rn,0.007108464956249841
+ Smoothing (ρ_i=0.7),10,π,ε_rn,0.005657359897495333
+ Smoothing (ρ_i=0.7),11,π,ε_rn,0.004511600350866917
+ Smoothing (ρ_i=0.7),12,π,ε_rn,0.003602339776614922
+ Smoothing (ρ_i=0.7),13,π,ε_rn,0.0028785003167923185
+ Smoothing (ρ_i=0.7),14,π,ε_rn,0.002301162470001671
+ Smoothing (ρ_i=0.7),15,π,ε_rn,0.0018401343862072144
+ Smoothing (ρ_i=0.7),0,attack,ε_ν,0.0
+ Smoothing (ρ_i=0.7),1,attack,ε_ν,0.0
+ Smoothing (ρ_i=0.7),2,attack,ε_ν,0.0
+ Smoothing (ρ_i=0.7),3,attack,ε_ν,0.0
+ Smoothing (ρ_i=0.7),4,attack,ε_ν,0.0
+ Smoothing (ρ_i=0.7),5,attack,ε_ν,0.0
+ Smoothing (ρ_i=0.7),6,attack,ε_ν,0.0
+ Smoothing (ρ_i=0.7),7,attack,ε_ν,0.0
+ Smoothing (ρ_i=0.7),8,attack,ε_ν,0.0
+ Smoothing (ρ_i=0.7),9,attack,ε_ν,0.0
+ Smoothing (ρ_i=0.7),10,attack,ε_ν,0.0
+ Smoothing (ρ_i=0.7),11,attack,ε_ν,0.0
+ Smoothing (ρ_i=0.7),12,attack,ε_ν,0.0
+ Smoothing (ρ_i=0.7),13,attack,ε_ν,0.0
+ Smoothing (ρ_i=0.7),14,attack,ε_ν,0.0
+ Smoothing (ρ_i=0.7),15,attack,ε_ν,0.0
+ Smoothing (ρ_i=0.7),0,i,ε_ν,0.016202674912254796
+ Smoothing (ρ_i=0.7),1,i,ε_ν,0.017592415302596115
+ Smoothing (ρ_i=0.7),2,i,ε_ν,0.014378870683481954
+ Smoothing (ρ_i=0.7),3,i,ε_ν,0.010484634595439772
+ Smoothing (ρ_i=0.7),4,i,ε_ν,0.007193011534622748
+ Smoothing (ρ_i=0.7),5,i,ε_ν,0.004754085623747838
+ Smoothing (ρ_i=0.7),6,i,ε_ν,0.0030653550196364605
+ Smoothing (ρ_i=0.7),7,i,ε_ν,0.0019426357012983814
+ Smoothing (ρ_i=0.7),8,i,ε_ν,0.0012158212966033553
+ Smoothing (ρ_i=0.7),9,i,ε_ν,0.0007538979170532852
+ Smoothing (ρ_i=0.7),10,i,ε_ν,0.0004641940903237142
+ Smoothing (ρ_i=0.7),11,i,ε_ν,0.0002842754497961488
+ Smoothing (ρ_i=0.7),12,i,ε_ν,0.00017336283030921468
+ Smoothing (ρ_i=0.7),13,i,ε_ν,0.00010537667549841767
+ Smoothing (ρ_i=0.7),14,i,ε_ν,6.388615880856376e-5
+ Smoothing (ρ_i=0.7),15,i,ε_ν,3.865237956146078e-5
+ Smoothing (ρ_i=0.7),0,rn,ε_ν,-1.1361925664456757e-17
+ Smoothing (ρ_i=0.7),1,rn,ε_ν,-9.089540531565407e-18
+ Smoothing (ρ_i=0.7),2,rn,ε_ν,-7.271632425252326e-18
+ Smoothing (ρ_i=0.7),3,rn,ε_ν,-5.8173059402018605e-18
+ Smoothing (ρ_i=0.7),4,rn,ε_ν,-4.653844752161489e-18
+ Smoothing (ρ_i=0.7),5,rn,ε_ν,-3.7230758017291915e-18
+ Smoothing (ρ_i=0.7),6,rn,ε_ν,-2.9784606413833535e-18
+ Smoothing (ρ_i=0.7),7,rn,ε_ν,-2.382768513106683e-18
+ Smoothing (ρ_i=0.7),8,rn,ε_ν,-1.9062148104853464e-18
+ Smoothing (ρ_i=0.7),9,rn,ε_ν,-1.5249718483882772e-18
+ Smoothing (ρ_i=0.7),10,rn,ε_ν,-1.2199774787106218e-18
+ Smoothing (ρ_i=0.7),11,rn,ε_ν,-9.759819829684975e-19
+ Smoothing (ρ_i=0.7),12,rn,ε_ν,-7.80785586374798e-19
+ Smoothing (ρ_i=0.7),13,rn,ε_ν,-6.246284690998385e-19
+ Smoothing (ρ_i=0.7),14,rn,ε_ν,-4.997027752798708e-19
+ Smoothing (ρ_i=0.7),15,rn,ε_ν,-3.9976222022389665e-19
+ Smoothing (ρ_i=0.7),0,ygap,ε_ν,-0.1229456742271735
+ Smoothing (ρ_i=0.7),1,ygap,ε_ν,-0.0909496418524372
+ Smoothing (ρ_i=0.7),2,ygap,ε_ν,-0.06291643973031051
+ Smoothing (ρ_i=0.7),3,ygap,ε_ν,-0.04180443729358417
+ Smoothing (ρ_i=0.7),4,ygap,ε_ν,-0.02705226177326627
+ Smoothing (ρ_i=0.7),5,ygap,ε_ν,-0.017188133856338318
+ Smoothing (ρ_i=0.7),6,ygap,ε_ν,-0.01077765595892896
+ Smoothing (ρ_i=0.7),7,ygap,ε_ν,-0.0066923687007816035
+ Smoothing (ρ_i=0.7),8,ygap,ε_ν,-0.004125096518206456
+ Smoothing (ρ_i=0.7),9,ygap,ε_ν,-0.0025283351305077674
+ Smoothing (ρ_i=0.7),10,ygap,ε_ν,-0.0015428816748031015
+ Smoothing (ρ_i=0.7),11,ygap,ε_ν,-0.0009383010812842416
+ Smoothing (ρ_i=0.7),12,ygap,ε_ν,-0.0005690878150051724
+ Smoothing (ρ_i=0.7),13,ygap,ε_ν,-0.0003444193810771598
+ Smoothing (ρ_i=0.7),14,ygap,ε_ν,-0.00020809276542301666
+ Smoothing (ρ_i=0.7),15,ygap,ε_ν,-0.00012555572355349898
+ Smoothing (ρ_i=0.7),0,ν,ε_ν,0.3
+ Smoothing (ρ_i=0.7),1,ν,ε_ν,0.18000000000000002
+ Smoothing (ρ_i=0.7),2,ν,ε_ν,0.10800000000000003
+ Smoothing (ρ_i=0.7),3,ν,ε_ν,0.06480000000000002
+ Smoothing (ρ_i=0.7),4,ν,ε_ν,0.03888000000000002
+ Smoothing (ρ_i=0.7),5,ν,ε_ν,0.023328000000000015
+ Smoothing (ρ_i=0.7),6,ν,ε_ν,0.01399680000000001
+ Smoothing (ρ_i=0.7),7,ν,ε_ν,0.008398080000000007
+ Smoothing (ρ_i=0.7),8,ν,ε_ν,0.0050388480000000055
+ Smoothing (ρ_i=0.7),9,ν,ε_ν,0.003023308800000004
+ Smoothing (ρ_i=0.7),10,ν,ε_ν,0.0018139852800000025
+ Smoothing (ρ_i=0.7),11,ν,ε_ν,0.0010883911680000017
+ Smoothing (ρ_i=0.7),12,ν,ε_ν,0.0006530347008000011
+ Smoothing (ρ_i=0.7),13,ν,ε_ν,0.0003918208204800007
+ Smoothing (ρ_i=0.7),14,ν,ε_ν,0.00023509249228800046
+ Smoothing (ρ_i=0.7),15,ν,ε_ν,0.0001410554953728003
+ Smoothing (ρ_i=0.7),0,π,ε_ν,-0.023012164341487076
+ Smoothing (ρ_i=0.7),1,π,ε_ν,-0.01579335746248148
+ Smoothing (ρ_i=0.7),2,π,ε_ν,-0.010440786819530565
+ Smoothing (ρ_i=0.7),3,π,ε_ν,-0.006733131753244385
+ Smoothing (ρ_i=0.7),4,π,ε_ν,-0.004267540924878121
+ Smoothing (ρ_i=0.7),5,π,ε_ν,-0.002671116382305201
+ Smoothing (ρ_i=0.7),6,π,ε_ν,-0.0016563922736615192
+ Smoothing (ρ_i=0.7),7,π,ε_ν,-0.0010199322385108921
+ Smoothing (ρ_i=0.7),8,π,ε_ν,-0.0006246364812767645
+ Smoothing (ρ_i=0.7),9,π,ε_ν,-0.00038094009109533095
+ Smoothing (ρ_i=0.7),10,π,ε_ν,-0.00023155553865137908
+ Smoothing (ρ_i=0.7),11,π,ε_ν,-0.00014038650319514462
+ Smoothing (ρ_i=0.7),12,π,ε_ν,-8.493781648291946e-5
+ Smoothing (ρ_i=0.7),13,π,ε_ν,-5.1305603618797155e-5
+ Smoothing (ρ_i=0.7),14,π,ε_ν,-3.094994015572486e-5
+ Smoothing (ρ_i=0.7),15,π,ε_ν,-1.8650883060953424e-5
+ Smoothing (ρ_i=0.7),0,attack,ε_att,1.0
+ Smoothing (ρ_i=0.7),1,attack,ε_att,0.8
+ Smoothing (ρ_i=0.7),2,attack,ε_att,0.6400000000000001
+ Smoothing (ρ_i=0.7),3,attack,ε_att,0.5120000000000001
+ Smoothing (ρ_i=0.7),4,attack,ε_att,0.40960000000000013
+ Smoothing (ρ_i=0.7),5,attack,ε_att,0.32768000000000014
+ Smoothing (ρ_i=0.7),6,attack,ε_att,0.2621440000000001
+ Smoothing (ρ_i=0.7),7,attack,ε_att,0.2097152000000001
+ Smoothing (ρ_i=0.7),8,attack,ε_att,0.1677721600000001
+ Smoothing (ρ_i=0.7),9,attack,ε_att,0.13421772800000006
+ Smoothing (ρ_i=0.7),10,attack,ε_att,0.10737418240000006
+ Smoothing (ρ_i=0.7),11,attack,ε_att,0.08589934592000005
+ Smoothing (ρ_i=0.7),12,attack,ε_att,0.06871947673600004
+ Smoothing (ρ_i=0.7),13,attack,ε_att,0.054975581388800036
+ Smoothing (ρ_i=0.7),14,attack,ε_att,0.043980465111040035
+ Smoothing (ρ_i=0.7),15,attack,ε_att,0.03518437208883203
+ Smoothing (ρ_i=0.7),0,i,ε_att,-0.00656922060005808
+ Smoothing (ρ_i=0.7),1,i,ε_att,-0.008446521757281389
+ Smoothing (ρ_i=0.7),2,i,ε_att,-0.008307387327098367
+ Smoothing (ρ_i=0.7),3,i,ε_att,-0.007398939440733935
+ Smoothing (ρ_i=0.7),4,i,ε_att,-0.006284952449089097
+ Smoothing (ρ_i=0.7),5,i,ε_att,-0.005205657895265598
+ Smoothing (ρ_i=0.7),6,i,ε_att,-0.004250846076417684
+ Smoothing (ρ_i=0.7),7,i,ε_att,-0.0034426086079700586
+ Smoothing (ρ_i=0.7),8,i,ε_att,-0.0027744561666953054
+ Smoothing (ρ_i=0.7),9,i,ε_att,-0.002229459765125313
+ Smoothing (ρ_i=0.7),10,i,ε_att,-0.001788374447101763
+ Smoothing (ρ_i=0.7),11,i,ε_att,-0.0014330344877314584
+ Smoothing (ρ_i=0.7),12,i,ε_att,-0.001147561834482248
+ Smoothing (ρ_i=0.7),13,i,ε_att,-0.0009186004520255398
+ Smoothing (ρ_i=0.7),14,i,ε_att,-0.0007351480145886843
+ Smoothing (ρ_i=0.7),15,i,ε_att,-0.0005882484300639315
+ Smoothing (ρ_i=0.7),0,rn,ε_att,0.0
+ Smoothing (ρ_i=0.7),1,rn,ε_att,0.0
+ Smoothing (ρ_i=0.7),2,rn,ε_att,0.0
+ Smoothing (ρ_i=0.7),3,rn,ε_att,0.0
+ Smoothing (ρ_i=0.7),4,rn,ε_att,0.0
+ Smoothing (ρ_i=0.7),5,rn,ε_att,0.0
+ Smoothing (ρ_i=0.7),6,rn,ε_att,0.0
+ Smoothing (ρ_i=0.7),7,rn,ε_att,0.0
+ Smoothing (ρ_i=0.7),8,rn,ε_att,0.0
+ Smoothing (ρ_i=0.7),9,rn,ε_att,0.0
+ Smoothing (ρ_i=0.7),10,rn,ε_att,0.0
+ Smoothing (ρ_i=0.7),11,rn,ε_att,0.0
+ Smoothing (ρ_i=0.7),12,rn,ε_att,0.0
+ Smoothing (ρ_i=0.7),13,rn,ε_att,0.0
+ Smoothing (ρ_i=0.7),14,rn,ε_att,0.0
+ Smoothing (ρ_i=0.7),15,rn,ε_att,0.0
+ Smoothing (ρ_i=0.7),0,ygap,ε_att,-0.565723836220359
+ Smoothing (ρ_i=0.7),1,ygap,ε_att,-0.44561269410648985
+ Smoothing (ρ_i=0.7),2,ygap,ε_att,-0.3531060834723188
+ Smoothing (ρ_i=0.7),3,ygap,ε_att,-0.28084097849324213
+ Smoothing (ρ_i=0.7),4,ygap,ε_att,-0.22387422743237945
+ Smoothing (ρ_i=0.7),5,ygap,ε_att,-0.17871146588585865
+ Smoothing (ρ_i=0.7),6,ygap,ε_att,-0.14278073383924708
+ Smoothing (ρ_i=0.7),7,ygap,ε_att,-0.1141330486919048
+ Smoothing (ρ_i=0.7),8,ygap,ε_att,-0.09126197214609134
+ Smoothing (ρ_i=0.7),9,ygap,ε_att,-0.07298797697438458
+ Smoothing (ρ_i=0.7),10,ygap,ε_att,-0.05837988853755132
+ Smoothing (ρ_i=0.7),11,ygap,ε_att,-0.04669881360111218
+ Smoothing (ρ_i=0.7),12,ygap,ε_att,-0.03735657478836467
+ Smoothing (ρ_i=0.7),13,ygap,ε_att,-0.029884057013577124
+ Smoothing (ρ_i=0.7),14,ygap,ε_att,-0.023906661315647955
+ Smoothing (ρ_i=0.7),15,ygap,ε_att,-0.01912504521809943
+ Smoothing (ρ_i=0.7),0,ν,ε_att,0.0
+ Smoothing (ρ_i=0.7),1,ν,ε_att,0.0
+ Smoothing (ρ_i=0.7),2,ν,ε_att,0.0
+ Smoothing (ρ_i=0.7),3,ν,ε_att,0.0
+ Smoothing (ρ_i=0.7),4,ν,ε_att,0.0
+ Smoothing (ρ_i=0.7),5,ν,ε_att,0.0
+ Smoothing (ρ_i=0.7),6,ν,ε_att,0.0
+ Smoothing (ρ_i=0.7),7,ν,ε_att,0.0
+ Smoothing (ρ_i=0.7),8,ν,ε_att,0.0
+ Smoothing (ρ_i=0.7),9,ν,ε_att,0.0
+ Smoothing (ρ_i=0.7),10,ν,ε_att,0.0
+ Smoothing (ρ_i=0.7),11,ν,ε_att,0.0
+ Smoothing (ρ_i=0.7),12,ν,ε_att,0.0
+ Smoothing (ρ_i=0.7),13,ν,ε_att,0.0
+ Smoothing (ρ_i=0.7),14,ν,ε_att,0.0
+ Smoothing (ρ_i=0.7),15,ν,ε_att,0.0
+ Smoothing (ρ_i=0.7),0,π,ε_att,-0.15935698926000955
+ Smoothing (ρ_i=0.7),1,π,ε_att,-0.12668036271392727
+ Smoothing (ρ_i=0.7),2,π,ε_att,-0.10095313239145244
+ Smoothing (ρ_i=0.7),3,π,ε_att,-0.0805724923061751
+ Smoothing (ρ_i=0.7),4,π,ε_att,-0.06436569050159656
+ Smoothing (ρ_i=0.7),5,π,ε_att,-0.051447713995609906
+ Smoothing (ρ_i=0.7),6,π,ε_att,-0.041136389941877176
+ Smoothing (ρ_i=0.7),7,π,ε_att,-0.03289853122375995
+ Smoothing (ρ_i=0.7),8,π,ε_att,-0.02631368515378351
+ Smoothing (ρ_i=0.7),9,π,ε_att,-0.021048451338402056
+ Smoothing (ρ_i=0.7),10,π,ε_att,-0.016837548201958572
+ Smoothing (ρ_i=0.7),11,π,ε_att,-0.013469449383540905
+ Smoothing (ρ_i=0.7),12,π,ε_att,-0.010775273300478968
+ Smoothing (ρ_i=0.7),13,π,ε_att,-0.008620079609269788
+ Smoothing (ρ_i=0.7),14,π,ε_att,-0.00689599614995471
+ Smoothing (ρ_i=0.7),15,π,ε_att,-0.005516764112137207
All three (SW posterior),0,attack,ε_rn,0.0
All three (SW posterior),1,attack,ε_rn,0.0
All three (SW posterior),2,attack,ε_rn,0.0
All three (SW posterior),3,attack,ε_rn,0.0
All three (SW posterior),4,attack,ε_rn,0.0
All three (SW posterior),5,attack,ε_rn,0.0
All three (SW posterior),6,attack,ε_rn,0.0
All three (SW posterior),7,attack,ε_rn,0.0
All three (SW posterior),8,attack,ε_rn,0.0
All three (SW posterior),9,attack,ε_rn,0.0
All three (SW posterior),10,attack,ε_rn,0.0
All three (SW posterior),11,attack,ε_rn,0.0
All three (SW posterior),12,attack,ε_rn,0.0
All three (SW posterior),13,attack,ε_rn,0.0
All three (SW posterior),14,attack,ε_rn,0.0
All three (SW posterior),15,attack,ε_rn,0.0
All three (SW posterior),0,i,ε_rn,0.08948917186717675
All three (SW posterior),1,i,ε_rn,0.1740799240989027
All three (SW posterior),2,i,ε_rn,0.2208778804609656
All three (SW posterior),3,i,ε_rn,0.2293032536254336
All three (SW posterior),4,i,ε_rn,0.21120910177843288
All three (SW posterior),5,i,ε_rn,0.17988728791826156
All three (SW posterior),6,i,ε_rn,0.14543236365364884
All three (SW posterior),7,i,ε_rn,0.11380137994998166
All three (SW posterior),8,i,ε_rn,0.08756177394164409
All three (SW posterior),9,i,ε_rn,0.06710154929779384
All three (SW posterior),10,i,ε_rn,0.051701630791942094
All three (SW posterior),11,i,ε_rn,0.040271312436139385
All three (SW posterior),12,i,ε_rn,0.03175652876153796
All three (SW posterior),13,i,ε_rn,0.025310018058271183
All three (SW posterior),14,i,ε_rn,0.02032048860702328
All three (SW posterior),15,i,ε_rn,0.016375900124684453
All three (SW posterior),0,rn,ε_rn,0.4
All three (SW posterior),1,rn,ε_rn,0.32000000000000006
All three (SW posterior),2,rn,ε_rn,0.25600000000000006
All three (SW posterior),3,rn,ε_rn,0.20480000000000007
All three (SW posterior),4,rn,ε_rn,0.16384000000000007
All three (SW posterior),5,rn,ε_rn,0.13107200000000005
All three (SW posterior),6,rn,ε_rn,0.10485760000000005
All three (SW posterior),7,rn,ε_rn,0.08388608000000004
All three (SW posterior),8,rn,ε_rn,0.06710886400000003
All three (SW posterior),9,rn,ε_rn,0.05368709120000003
All three (SW posterior),10,rn,ε_rn,0.042949672960000025
All three (SW posterior),11,rn,ε_rn,0.03435973836800002
All three (SW posterior),12,rn,ε_rn,0.027487790694400018
All three (SW posterior),13,rn,ε_rn,0.021990232555520017
All three (SW posterior),14,rn,ε_rn,0.017592186044416015
All three (SW posterior),15,rn,ε_rn,0.014073748835532814
All three (SW posterior),0,ygap,ε_rn,0.2622114083860461
All three (SW posterior),1,ygap,ε_rn,0.3092383073576061
All three (SW posterior),2,ygap,ε_rn,0.2581849905254218
All three (SW posterior),3,ygap,ε_rn,0.18013171260667835
All three (SW posterior),4,ygap,ε_rn,0.1100527903601129
All three (SW posterior),5,ygap,ε_rn,0.05983073800608278
All three (SW posterior),6,ygap,ε_rn,0.02923597739981066
All three (SW posterior),7,ygap,ε_rn,0.013325470899884943
All three (SW posterior),8,ygap,ε_rn,0.0065505566857334595
All three (SW posterior),9,ygap,ε_rn,0.004524205213954026
All three (SW posterior),10,ygap,ε_rn,0.004418221211913661
All three (SW posterior),11,ygap,ε_rn,0.0047216731543126625
All three (SW posterior),12,ygap,ε_rn,0.004810912996600188
All three (SW posterior),13,ygap,ε_rn,0.004555967062458986
All three (SW posterior),14,ygap,ε_rn,0.004041988794699847
All three (SW posterior),15,ygap,ε_rn,0.003407025232820574
All three (SW posterior),0,ν,ε_rn,0.0
All three (SW posterior),1,ν,ε_rn,0.0
All three (SW posterior),2,ν,ε_rn,0.0
All three (SW posterior),3,ν,ε_rn,0.0
All three (SW posterior),4,ν,ε_rn,0.0
All three (SW posterior),5,ν,ε_rn,0.0
All three (SW posterior),6,ν,ε_rn,0.0
All three (SW posterior),7,ν,ε_rn,0.0
All three (SW posterior),8,ν,ε_rn,0.0
All three (SW posterior),9,ν,ε_rn,0.0
All three (SW posterior),10,ν,ε_rn,0.0
All three (SW posterior),11,ν,ε_rn,0.0
All three (SW posterior),12,ν,ε_rn,0.0
All three (SW posterior),13,ν,ε_rn,0.0
All three (SW posterior),14,ν,ε_rn,0.0
All three (SW posterior),15,ν,ε_rn,0.0
All three (SW posterior),0,π,ε_rn,0.11146102357615517
All three (SW posterior),1,π,ε_rn,0.14455946152941784
All three (SW posterior),2,π,ε_rn,0.13398707780648975
All three (SW posterior),3,π,ε_rn,0.10593106758167971
All three (SW posterior),4,π,ε_rn,0.07597534597024971
All three (SW posterior),5,π,ε_rn,0.0512584577165468
All three (SW posterior),6,π,ε_rn,0.033613034446431274
All three (SW posterior),7,π,ε_rn,0.02222201057209931
All three (SW posterior),8,π,ε_rn,0.015373832163993071
All three (SW posterior),9,π,ε_rn,0.011399281681221906
All three (SW posterior),10,π,ε_rn,0.009039584670442961
All three (SW posterior),11,π,ε_rn,0.007493155352517793
All three (SW posterior),12,π,ε_rn,0.006322162459445224
All three (SW posterior),13,π,ε_rn,0.00532678414627947
All three (SW posterior),14,π,ε_rn,0.004438172548952144
All three (SW posterior),15,π,ε_rn,0.003645565144100144
All three (SW posterior),0,attack,ε_ν,0.0
All three (SW posterior),1,attack,ε_ν,0.0
All three (SW posterior),2,attack,ε_ν,0.0
All three (SW posterior),3,attack,ε_ν,0.0
All three (SW posterior),4,attack,ε_ν,0.0
All three (SW posterior),5,attack,ε_ν,0.0
All three (SW posterior),6,attack,ε_ν,0.0
All three (SW posterior),7,attack,ε_ν,0.0
All three (SW posterior),8,attack,ε_ν,0.0
All three (SW posterior),9,attack,ε_ν,0.0
All three (SW posterior),10,attack,ε_ν,0.0
All three (SW posterior),11,attack,ε_ν,0.0
All three (SW posterior),12,attack,ε_ν,0.0
All three (SW posterior),13,attack,ε_ν,0.0
All three (SW posterior),14,attack,ε_ν,0.0
All three (SW posterior),15,attack,ε_ν,0.0
All three (SW posterior),0,i,ε_ν,0.02788692312085426
All three (SW posterior),1,i,ε_ν,0.02384902934691768
All three (SW posterior),2,i,ε_ν,0.011751564742769246
All three (SW posterior),3,i,ε_ν,0.0014916154180436012
All three (SW posterior),4,i,ε_ν,-0.0043510074256637886
All three (SW posterior),5,i,ε_ν,-0.006357263938845963
All three (SW posterior),6,i,ε_ν,-0.005997362672871825
All three (SW posterior),7,i,ε_ν,-0.004601565315911416
All three (SW posterior),8,i,ε_ν,-0.0030412687794351034
All three (SW posterior),9,i,ε_ν,-0.0017487427276815196
All three (SW posterior),10,i,ε_ν,-0.0008527862834751932
All three (SW posterior),11,i,ε_ν,-0.00031845690839298497
All three (SW posterior),12,i,ε_ν,-4.8828126295431945e-5
All three (SW posterior),13,i,ε_ν,5.636854703956737e-5
All three (SW posterior),14,i,ε_ν,7.526429989873812e-5
All three (SW posterior),15,i,ε_ν,5.860557923807399e-5
All three (SW posterior),0,rn,ε_ν,0.0
All three (SW posterior),1,rn,ε_ν,2.0879591947404987e-18
All three (SW posterior),2,rn,ε_ν,2.9231428726366986e-18
All three (SW posterior),3,rn,ε_ν,3.090179608215939e-18
All three (SW posterior),4,rn,ε_ν,2.9231428726366994e-18
All three (SW posterior),5,rn,ε_ν,2.6091138097477288e-18
All three (SW posterior),6,rn,ε_ν,2.249650754781205e-18
All three (SW posterior),7,rn,ε_ν,1.897136428014777e-18
All three (SW posterior),8,rn,ε_ν,1.5761586369257092e-18
All three (SW posterior),9,rn,ε_ν,1.2959966062489001e-18
All three (SW posterior),10,rn,ε_ν,1.0578391030241198e-18
All three (SW posterior),11,rn,ε_ν,8.588963732342956e-19
All three (SW posterior),12,rn,ε_ν,6.946921530764363e-19
All three (SW posterior),13,rn,ε_ν,5.60298755154549e-19
All three (SW posterior),14,rn,ε_ν,4.509660237396791e-19
All three (SW posterior),15,rn,ε_ν,3.624090307613673e-19
All three (SW posterior),0,ygap,ε_ν,-0.046292180145279305
All three (SW posterior),1,ygap,ε_ν,-0.06135120528029441
All three (SW posterior),2,ygap,ε_ν,-0.05626960393038619
All three (SW posterior),3,ygap,ε_ν,-0.04246373366076636
All three (SW posterior),4,ygap,ε_ν,-0.027630423371581298
All three (SW posterior),5,ygap,ε_ν,-0.015568780632885186
All three (SW posterior),6,ygap,ε_ν,-0.007335123652220653
All three (SW posterior),7,ygap,ε_ν,-0.0025133595603884385
All three (SW posterior),8,ygap,ε_ν,-0.00014954902075692766
All three (SW posterior),9,ygap,ε_ν,0.0007129314717102577
All three (SW posterior),10,ygap,ε_ν,0.0008065419728128721
All three (SW posterior),11,ygap,ε_ν,0.0005993446984989378
All three (SW posterior),12,ygap,ε_ν,0.00034223540480168494
All three (SW posterior),13,ygap,ε_ν,0.0001404745034171094
All three (SW posterior),14,ygap,ε_ν,1.7545342008758515e-5
All three (SW posterior),15,ygap,ε_ν,-3.9741419640174766e-5
All three (SW posterior),0,ν,ε_ν,0.3
All three (SW posterior),1,ν,ε_ν,0.18000000000000005
All three (SW posterior),2,ν,ε_ν,0.10800000000000007
All three (SW posterior),3,ν,ε_ν,0.06480000000000007
All three (SW posterior),4,ν,ε_ν,0.03888000000000005
All three (SW posterior),5,ν,ε_ν,0.02332800000000004
All three (SW posterior),6,ν,ε_ν,0.013996800000000028
All three (SW posterior),7,ν,ε_ν,0.00839808000000002
All three (SW posterior),8,ν,ε_ν,0.005038848000000013
All three (SW posterior),9,ν,ε_ν,0.003023308800000009
All three (SW posterior),10,ν,ε_ν,0.001813985280000006
All three (SW posterior),11,ν,ε_ν,0.0010883911680000039
All three (SW posterior),12,ν,ε_ν,0.0006530347008000025
All three (SW posterior),13,ν,ε_ν,0.0003918208204800016
All three (SW posterior),14,ν,ε_ν,0.00023509249228800106
All three (SW posterior),15,ν,ε_ν,0.00014105549537280068
All three (SW posterior),0,π,ε_ν,-0.02259833301634188
All three (SW posterior),1,π,ε_ν,-0.029931413434747034
All three (SW posterior),2,π,ε_ν,-0.028227367134478258
All three (SW posterior),3,π,ε_ν,-0.022410933006177615
All three (SW posterior),4,π,ε_ν,-0.015739054916793598
All three (SW posterior),5,π,ε_ν,-0.009945425879885634
All three (SW posterior),6,π,ε_ν,-0.005658954150770121
All three (SW posterior),7,π,ε_ν,-0.0028580433574286056
All three (SW posterior),8,π,ε_ν,-0.0012301509004079398
All three (SW posterior),9,π,ε_ν,-0.00040064582851885854
All three (SW posterior),10,π,ε_ν,-4.832324893346794e-5
All three (SW posterior),11,π,ε_ν,5.629580014402041e-5
All three (SW posterior),12,π,ε_ν,5.5113763865343224e-5
All three (SW posterior),13,π,ε_ν,2.3786526359562363e-5
All three (SW posterior),14,π,ε_ν,-4.643018163273363e-6
All three (SW posterior),15,π,ε_ν,-2.0614537890970235e-5
All three (SW posterior),0,attack,ε_att,1.0
All three (SW posterior),1,attack,ε_att,0.7999999999999999
All three (SW posterior),2,attack,ε_att,0.6399999999999999
All three (SW posterior),3,attack,ε_att,0.5119999999999999
All three (SW posterior),4,attack,ε_att,0.4095999999999999
All three (SW posterior),5,attack,ε_att,0.3276799999999999
All three (SW posterior),6,attack,ε_att,0.26214399999999993
All three (SW posterior),7,attack,ε_att,0.20971519999999993
All three (SW posterior),8,attack,ε_att,0.16777215999999992
All three (SW posterior),9,attack,ε_att,0.13421772799999993
All three (SW posterior),10,attack,ε_att,0.10737418239999993
All three (SW posterior),11,attack,ε_att,0.08589934591999994
All three (SW posterior),12,attack,ε_att,0.06871947673599994
All three (SW posterior),13,attack,ε_att,0.05497558138879995
All three (SW posterior),14,attack,ε_att,0.04398046511103996
All three (SW posterior),15,attack,ε_att,0.03518437208883196
All three (SW posterior),0,i,ε_att,0.04786478335654651
All three (SW posterior),1,i,ε_att,0.013577825402683008
All three (SW posterior),2,i,ε_att,-0.03374573786843127
All three (SW posterior),3,i,ε_att,-0.06695211391814597
All three (SW posterior),4,i,ε_att,-0.08098180162578082
All three (SW posterior),5,i,ε_att,-0.08004618750599721
All three (SW posterior),6,i,ε_att,-0.07052141620355136
All three (SW posterior),7,i,ε_att,-0.057757079720235416
All three (SW posterior),8,i,ε_att,-0.045169238084694606
All three (SW posterior),9,i,ε_att,-0.03442808247615019
All three (SW posterior),10,i,ε_att,-0.026009149164285355
All three (SW posterior),11,i,ε_att,-0.019735871452839195
All three (SW posterior),12,i,ε_att,-0.015173658948606304
All three (SW posterior),13,i,ε_att,-0.01186090272942542
All three (SW posterior),14,i,ε_att,-0.00941425270855424
All three (SW posterior),15,i,ε_att,-0.007555821074028421
All three (SW posterior),0,rn,ε_att,0.0
All three (SW posterior),1,rn,ε_att,-6.945600874876694e-18
All three (SW posterior),2,rn,ε_att,-1.1112961399802711e-17
All three (SW posterior),3,rn,ε_att,-1.3335553679763252e-17
All three (SW posterior),4,rn,ε_att,-1.422459059174747e-17
All three (SW posterior),5,rn,ε_att,-1.422459059174747e-17
All three (SW posterior),6,rn,ε_att,-1.365560696807757e-17
All three (SW posterior),7,rn,ε_att,-1.2745233170205732e-17
All three (SW posterior),8,rn,ε_att,-1.1652784612759526e-17
All three (SW posterior),9,rn,ε_att,-1.0487506151483574e-17
All three (SW posterior),10,rn,ε_att,-9.322227690207622e-18
All three (SW posterior),11,rn,ε_att,-8.203560367382707e-18
All three (SW posterior),12,rn,ε_att,-7.159470866079453e-18
All three (SW posterior),13,rn,ε_att,-6.204874750602193e-18
All three (SW posterior),14,rn,ε_att,-5.345738246672659e-18
All three (SW posterior),15,rn,ε_att,-4.58206135429085e-18
All three (SW posterior),0,ygap,ε_att,-0.22646730473878898
All three (SW posterior),1,ygap,ε_att,-0.3081666308344936
All three (SW posterior),2,ygap,ε_att,-0.2982770382005283
All three (SW posterior),3,ygap,ε_att,-0.2459903479005027
All three (SW posterior),4,ygap,ε_att,-0.1841908343820844
All three (SW posterior),5,ygap,ε_att,-0.12987233092032438
All three (SW posterior),6,ygap,ε_att,-0.08887716086961764
All three (SW posterior),7,ygap,ε_att,-0.060856356788913275
All three (SW posterior),8,ygap,ε_att,-0.042924644809041755
All three (SW posterior),9,ygap,ε_att,-0.03180929759699709
All three (SW posterior),10,ygap,ε_att,-0.024829518626767442
All three (SW posterior),11,ygap,ε_att,-0.02015204312555478
All three (SW posterior),12,ygap,ε_att,-0.016689916388013044
All three (SW posterior),13,ygap,ε_att,-0.013883043970927815
All three (SW posterior),14,ygap,ε_att,-0.01148597450524534
All three (SW posterior),15,ygap,ε_att,-0.009411075960285592
All three (SW posterior),0,ν,ε_att,0.0
All three (SW posterior),1,ν,ε_att,5.2756959215569935e-18
All three (SW posterior),2,ν,ε_att,7.385974290179792e-18
All three (SW posterior),3,ν,ε_att,7.808029963904352e-18
All three (SW posterior),4,ν,ε_att,7.385974290179793e-18
All three (SW posterior),5,ν,ε_att,6.592509623577622e-18
All three (SW posterior),6,ν,ε_att,5.6842458137223695e-18
All three (SW posterior),7,ν,ε_att,4.793539519894059e-18
All three (SW posterior),8,ν,ε_att,3.982517337264945e-18
All three (SW posterior),9,ν,ε_att,3.2746253026217747e-18
All three (SW posterior),10,ν,ε_att,2.6728671017833108e-18
All three (SW posterior),11,ν,ε_att,2.1701937972381833e-18
All three (SW posterior),12,ν,ε_att,1.7552951072774675e-18
All three (SW posterior),13,ν,ε_att,1.4157201275141266e-18
All three (SW posterior),14,ν,ε_att,1.1394665270265926e-18
All three (SW posterior),15,ν,ε_att,9.15707476630449e-19
All three (SW posterior),0,π,ε_att,-0.151478046516967
All three (SW posterior),1,π,ε_att,-0.20822784071494574
All three (SW posterior),2,π,ε_att,-0.21001924426717813
All three (SW posterior),3,π,ε_att,-0.18495898938926372
All three (SW posterior),4,π,ε_att,-0.15094821494614657
All three (SW posterior),5,π,ε_att,-0.11784461495533767
All three (SW posterior),6,π,ε_att,-0.08995357959757921
All three (SW posterior),7,π,ε_att,-0.06826869968758321
All three (SW posterior),8,π,ε_att,-0.05214757679816341
All three (SW posterior),9,π,ε_att,-0.040379734171809734
All three (SW posterior),10,π,ε_att,-0.03175820221547798
All three (SW posterior),11,π,ε_att,-0.025314583237791594
All three (SW posterior),12,π,ε_att,-0.020362184408481997
All three (SW posterior),13,π,ε_att,-0.016451604617959616
All three (SW posterior),14,π,ε_att,-0.013301765308501416
All three (SW posterior),15,π,ε_att,-0.010737419105160908
