h,rho_att,i0_bp,icum8_bp
0.0,0.0,10.062641289643768,16.180276575052883
0.0,0.05,9.836383330177798,16.519059725389763
0.0,0.1,9.588137440988646,16.841001533533763
0.0,0.15,9.314501027268845,17.133950356716017
0.0,0.2,9.011325107238257,17.380485341660883
0.0,0.25,8.673496325605589,17.555400647678905
0.0,0.3,8.294637399634865,17.621808683706163
0.0,0.35,7.866687865089769,17.52504838745555
0.0,0.4,7.37930508955855,17.183083737649042
0.0,0.45,6.8189883421612665,16.471227699080643
0.0,0.5,6.167763390833959,15.197533909295561
0.0,0.55,5.4011457632351,13.062471646979652
0.0,0.6,4.484872715567283,9.591289073236625
0.0,0.65,3.369434399585031,4.016973926039379
0.0,0.7,1.9804491868891458,-4.9307835665670785
0.0,0.75,0.20064939953362693,-19.42724642325204
0.0,0.8,-2.1665375363137738,-43.373501565547386
0.0,0.85,-5.4783309124349095,-84.24184874880889
0.0,0.9,-10.460454510415824,-157.808056249579
0.0,0.95,-18.852116413705915,-302.8596905731086
0.05,0.0,10.2268341065481,16.21690188480151
0.05,0.05,10.00687043436506,16.557927185894503
0.05,0.1,9.76543529063894,16.882389524884072
0.05,0.15,9.499194633512207,17.178196951701437
0.05,0.2,9.20408120833394,17.42800868723045
0.05,0.25,8.875080014967649,17.60672807943785
0.05,0.3,8.505933397097303,17.67761801104712
0.05,0.35,8.088728144488677,17.586225720281053
0.05,0.4,7.613305388262284,17.250803213124033
0.05,0.45,7.0663973762024,16.5470593340399
0.05,0.5,6.430330742699029,15.28358612488138
0.05,0.55,5.6810180858517,13.161573800488956
0.05,0.6,4.784734485897792,9.70721433334852
0.05,0.65,3.6927218920340037,4.154688833956275
0.05,0.7,2.3316912899843993,-4.764891857100645
0.05,0.75,0.586042810235632,-19.22530154200122
0.05,0.8,-1.738083578393572,-43.126583693733764
0.05,0.85,-4.993105695145323,-83.9418871128099
0.05,0.9,-9.895183580626217,-157.4537158207994
0.05,0.95,-18.160815536006524,-302.4735721489419
0.1,0.0,10.392630943736942,16.25653647486259
0.1,0.05,10.179047451901829,16.59999640922902
0.1,0.1,9.944517338852906,16.927198618860416
0.1,0.15,9.685776306125621,17.22611772031043
0.1,0.2,9.398840240418776,17.4795024336447
0.1,0.25,9.078794187789347,17.662378250159254
0.1,0.3,8.71950215461202,17.738176291297133
0.1,0.35,8.313200655289842,17.652676320388256
0.1,0.4,7.849917606880095,17.32445114356735
0.1,0.45,7.316621966533139,16.629649392313837
0.1,0.5,6.695945885631996,15.377459644591776
0.1,0.55,5.964204893466589,13.26986886026134
0.1,0.6,5.08821937130585,9.834109610527735
0.1,0.65,4.019992740159325,4.305675872839595
0.1,0.7,2.687341329941675,-4.582762178504166
0.1,0.75,0.9763501940875496,-19.00334904491216
0.1,0.8,-1.3041044339455643,-42.85499919337353
0.1,0.85,-4.501604305181095,-83.61183716394582
0.1,0.9,-9.32268983981085,-157.06388492779303
0.1,0.95,-17.46103531672511,-302.04930707432806
0.15,0.0,10.560203562136511,16.299566748717332
0.15,0.05,10.353095712903874,16.645681394808054
0.15,0.1,10.125575463092458,16.975875249134432
0.15,0.15,9.874449592906508,17.278197812562762
0.15,0.2,9.59581871767267,17.53549866715764
0.15,0.25,9.284869828815715,17.722940982755496
0.15,0.3,8.935590883732713,17.804145294490514
0.15,0.35,8.540370899599115,17.72515258897963
0.15,0.4,8.089427979856525,17.40489507380734
0.15,0.45,7.56997199027887,16.720012615032772
0.15,0.5,6.9649458354398925,15.48035813420833
0.15,0.55,6.2510745749412235,13.388803425284298
0.15,0.6,5.39573230700159,9.973733765494702
0.15,0.65,4.351694802420447,4.4720940299829595
0.15,0.7,3.047898018685288,-4.381726470938063
0.15,0.75,1.3721310592177416,-18.75808227180593
0.15,0.8,-0.863967251582059,-42.55466263760798
0.15,0.85,-4.00310465938373,-83.2467208286032
0.15,0.9,-8.742141813093248,-156.63271954962175
0.15,0.95,-16.75180839305478,-301.5806974640122
0.2,0.0,10.729752256925185,16.3464637317053
0.2,0.05,10.529226722600026,16.69548840798402
0.2,0.1,10.308833530924902,17.028967358066257
0.2,0.15,10.065452047645874,17.335035165678896
0.2,0.2,9.795269409216205,17.59665612825223
0.2,0.25,9.493576698648821,17.789149906939247
0.2,0.3,9.154488412162582,17.876351913306745
0.2,0.35,8.770549213526719,17.80459863378622
0.2,0.4,8.332171243024336,17.49322749751106
0.2,0.45,7.826810032576597,16.81943034195895
0.2,0.5,7.237725174511199,15.59380411150577
0.2,0.55,6.542058738888897,13.5202085466406
0.2,0.6,5.707748077431083,10.128312443961399
0.2,0.65,4.688353624715743,4.656672215708997
0.2,0.7,3.413947099504818,-4.158418189798813
0.2,0.75,1.7740431701822144,-18.48533760082265
0.2,0.8,-0.41692735859038527,-42.22044103651251
0.2,0.85,-3.4967564379888856,-82.84029614169305
0.2,0.9,-8.152560103537438,-156.15290331718998
0.2,0.95,-16.03199656671829,-301.0599899907682
0.25,0.0,10.901512609531695,16.397830088791633
0.25,0.05,10.707689311316727,16.75006730180106
0.25,0.1,10.494554991535118,17.087180772504325
0.25,0.15,10.259063313617759,17.397402837057378
0.25,0.2,9.997489973372705,17.663829591040713
0.25,0.25,9.705232587731212,17.861960201963146
0.25,0.3,9.376535138850828,17.955875866287794
0.25,0.35,9.00410152015479,17.89224987690034
0.25,0.4,8.578542300326724,17.59087974590713
0.25,0.45,8.087564106930342,16.929581598174316
0.25,0.5,7.514749996020242,15.719790826997432
0.25,0.55,6.837667590570115,13.666476851192707
0.25,0.6,6.024828384147426,10.300745957259629
0.25,0.65,5.030591520917705,4.8629547226060374
0.25,0.7,3.7861828427977446,-3.908480908476858
0.25,0.75,2.1828669623609445,-18.179747138173248
0.25,0.8,0.037899693998281525,-41.845739512034775
0.25,0.85,-2.9815488520760094,-82.3845659509178
0.25,0.9,-7.552780111402998,-155.61507818384223
0.25,0.95,-15.300247990446463,-300.4772611959707
0.3,0.0,11.075764392221554,16.454485411573135
0.3,0.05,10.888779066419696,16.810303975175465
0.3,0.1,10.683052893074434,17.151479957614313
0.3,0.15,10.455615793660735,17.46635939422011
0.3,0.2,10.202834359025049,17.738191492550758
0.3,0.25,9.920215541185238,17.94268339016302
0.3,0.3,9.602136191291873,18.04419997697336
0.3,0.35,9.241463549014949,17.9898016325189
0.3,0.4,8.82901166104952,17.69981229081246
0.3,0.45,8.352744498270537,17.05275931926161
0.3,0.5,7.796576382045926,15.861029578930484
0.3,0.55,7.138510326803554,13.830847339695138
0.3,0.6,6.347644506568849,10.494939499021497
0.3,0.65,5.379152934994641,5.095686710496543
0.3,0.7,4.165436655424371,-3.626115422603661
0.3,0.75,2.5995380820006386,-17.834203767190655
0.3,0.8,0.5015754461015763,-41.42186764670622
0.3,0.85,-2.4562675583882645,-81.86902975324638
0.3,0.9,-6.941402157942365,-155.0069769161093
0.3,0.95,-14.554939949170961,-299.8194699587555
0.35,0.0,11.252843516577256,16.517615937202546
0.35,0.05,11.072850991927044,16.87748179652914
0.35,0.1,10.87470333219988,17.22326283450154
0.35,0.15,10.655508981114886,17.54343912653798
0.35,0.2,10.41172812477789,17.821439917041403
0.35,0.25,10.138980291761339,18.03321593602836
0.35,0.3,9.831779120846642,18.143462802016373
0.35,0.35,9.483159970895528,18.09968988924275
0.35,0.4,9.084146226853115,17.822828695472037
0.35,0.45,8.622966459806442,17.192223604421873
0.35,0.5,8.083875324768885,16.021349818885515
0.35,0.55,7.445322668796604,14.01786169283047
0.35,0.6,6.677007927227538,10.716327278100229
0.35,0.65,5.734938759762139,5.361420651251898
0.35,0.7,4.552715847776793,-3.303373025171758
0.35,0.75,3.0251915479973834,-17.439032244526242
0.35,0.8,0.9753892537338386,-40.93706301613307
0.35,0.85,-1.919435997706177,-81.27953432985517
0.35,0.9,-6.316723509221818,-154.31208902570094
0.35,0.95,-13.794100958228,-299.0689855835889
0.4,0.0,11.433158385074474,16.589029872845465
0.4,0.05,11.260336838336137,16.953555747951988
0.4,0.1,11.069963871289174,17.304656294964975
0.4,0.15,10.859229091258968,17.630971937225887
0.4,0.2,10.624689432916126,17.916146427121998
0.4,0.25,10.362080790843608,18.13641925947403
0.4,0.3,10.066058177611994,18.25687591128773
0.4,0.35,9.729830663467448,18.225551989332175
0.4,0.4,9.344637845195674,17.964087138880828
0.4,0.45,8.898981414561769,17.3527731903575
0.4,0.5,8.377467016914778,16.206341786633754
0.4,0.55,7.759004785398265,14.234091966140095
0.4,0.6,7.013912564530653,10.972702602610541
0.4,0.65,6.099053727098039,5.669470476506476
0.4,0.7,4.9492572486049085,-2.92905024403475
0.4,0.75,3.4612229317147087,-16.980699531171762
0.4,0.8,1.460928689640701,-40.37497784984247
0.4,0.85,-1.3692338354659175,-80.59649596022925
0.4,0.9,-5.676643754907548,-153.5075945788596
0.4,0.95,-13.015302439172643,-298.2012891625056
0.45,0.0,11.617212779470888,16.67158402562036
0.45,0.05,11.451769367818454,17.041609083239553
0.45,0.1,11.269399335166332,17.399006774315207
0.45,0.15,11.067376569587202,17.732612398952774
0.45,0.2,10.842358479983822,18.026329001003205
0.45,0.25,10.590201809692761,18.256742974092052
0.45,0.3,10.305708377081979,18.38940510943811
0.45,0.35,9.982267595809539,18.372975090991236
0.45,0.4,9.611343436514327,18.129927355947014
0.45,0.45,9.181720841497299,17.54166461369623
0.45,0.5,8.67836912976707,16.424384836296152
0.45,0.55,8.080674745807178,14.489299119655989
0.45,0.6,7.359594376504064,11.275532916471729
0.45,0.65,6.472873389304465,6.033416152617889
0.45,0.7,5.356603111639631,-2.4869532617847967
0.45,0.75,3.909375137033876,-16.43979672200955
0.45,0.8,1.960179605588485,-39.71231685068
0.45,0.85,-0.8033808076601188,-79.79212812039285
0.45,0.9,-5.018529864511508,-152.56113714905362
0.45,0.95,-12.21550439215041,-297.1813599984119
0.5,0.0,11.805638749394348,16.769889263675207
0.5,0.05,11.647817232550876,17.146606720114157
0.5,0.1,11.47371890452076,17.511687579105136
0.5,0.15,11.28070566282848,17.85420806240261
0.5,0.2,11.065539853145516,18.15838963807526
0.5,0.25,10.824204444350627,18.401241669156924
0.5,0.3,10.551654585341876,18.54887821166879
0.5,0.35,10.241468011064509,18.550709177189855
0.5,0.4,9.885342898896464,18.330206170480636
0.5,0.45,9.472359662903013,17.770091436083664
0.5,0.5,8.987866618077636,16.688296483663983
0.5,0.55,8.411745901095394,14.798284408408778
0.5,0.6,7.715617768615305,11.642054311737144
0.5,0.65,6.858141379862066,6.4734927332345595
0.5,0.7,5.776711540960125,-1.9531494115252694
0.5,0.75,4.37186490820393,-15.787849851122235
0.5,0.8,2.4756723360107236,-38.91510886795302
0.5,0.85,-0.21896661849123145,-78.8260660329351
0.5,0.9,-4.339018241625481,-151.4257215347664
0.5,0.95,-11.390829239372167,-295.95793364546773
0.55,0.0,11.999245346064692,16.89147707748337
0.55,0.05,11.849336674760346,17.2766390129785
0.55,0.1,11.683831121009042,17.651429333439772
0.55,0.15,11.500183124241707,18.0052276706028
0.55,0.2,11.295265399576552,18.322653431397207
0.55,0.25,11.065193697515173,18.5812403892186
0.55,0.3,10.805084466473536,18.74779553342434
0.55,0.35,10.50871352316638,18.772644983954226
0.55,0.4,10.168025302704589,18.58047012390947
0.55,0.45,9.772410695036019,18.055584994639304
0.55,0.5,9.307615853611813,17.018002613766814
0.55,0.55,8.754042475032898,15.183880622450799
0.55,0.6,8.08400486809192,12.098648684068728
0.55,0.65,7.257115185835142,7.020435587194189
0.55,0.7,6.212122336059328,-1.291549591041806
0.55,0.75,4.85157327470065,-14.982198469696948
0.55,0.8,3.0107023617812985,-37.93272062717112
0.55,0.85,0.38780646645390077,-77.63833568923917
0.55,0.9,-3.6337145882546404,-150.03149780253827
0.55,0.95,-10.536219226226315,-294.454221478312
0.6,0.0,12.199093529901884,17.048750332210208
0.6,0.05,12.057451023289682,17.44499925307498
0.6,0.1,11.9009285014736,17.832539553174342
0.6,0.15,11.72707856312359,18.201140777273807
0.6,0.2,11.532891037554844,18.535929437936726
0.6,0.25,11.314622611315412,18.81510196046108
0.6,0.3,11.0675609632642,19.00633385188937
0.6,0.35,10.78569217986718,19.061091023069924
0.6,0.4,10.461222033401198,18.905549901062663
0.6,0.45,10.083870703873762,18.425980694659078
0.6,0.5,9.639805859048426,17.444943161530407
0.6,0.55,9.109978802168287,15.681881651436342
0.6,0.6,8.467436324619362,12.686403864345149
0.6,0.65,7.672793027767841,7.7218067862954705
0.6,0.7,6.666215711035884,-0.44664242533041754
0.6,0.75,5.352343435183868,-13.95757046241171
0.6,0.8,3.569676481605409,-36.68800037530314
0.6,0.85,1.0220286652668693,-76.13775836908715
0.6,0.9,-2.8967204835250024,-148.2721782993929
0.6,0.95,-9.644896440194445,-292.55252583538515
0.65,0.0,12.406616542395266,17.2623235054414
0.65,0.05,12.273678490519215,17.67373834428051
0.65,0.1,12.126623623581088,18.07869752273669
0.65,0.15,11.963109829753813,18.467483049110534
0.65,0.2,11.780252631211097,18.82588210468661
0.65,0.25,11.574460044461713,19.132947010723772
0.65,0.3,11.341203665901105,19.357465940167774
0.65,0.35,11.07469545959668,19.452354191817463
0.65,0.4,10.767421893906576,19.345677104039584
0.65,0.45,10.409456654639408,18.926163397680792
0.65,0.5,9.987419475823303,18.019561056642836
0.65,0.55,9.48285013628903,16.34941931765292
0.65,0.6,8.869577730194644,13.470561313865861
0.65,0.65,8.109283504141207,8.652747522182924
0.65,0.7,7.143634921353721,0.6688631254709501
0.65,0.75,5.879468840260233,-12.611735732524192
0.65,0.8,4.158681956564742,-35.060463800711815
0.65,0.85,1.690751017388207,-74.1821199528673
0.65,0.9,-2.11984989770459,-145.98173887093756
0.65,0.95,-8.707469673383589,-290.0677964368898
0.7,0.0,12.623824300598907,17.566966828921526
0.7,0.05,12.500149268224753,17.999988081962975
0.7,0.1,12.363180415873993,18.429702223750862
0.7,0.15,12.210690249567264,18.847082295015543
0.7,0.2,12.039931234364,19.238798610901355
0.7,0.25,11.847476382012044,19.58503794339112
0.7,0.3,11.628997931971945,19.856051641409724
0.7,0.35,11.37895436131843,20.006647555228476
0.7,0.4,11.090138507343424,19.967342769483608
0.7,0.45,10.7530097779248,19.630042172011482
0.7,0.5,10.354680752623747,18.824599673682787
0.7,0.55,9.87733173556318,17.279843819034763
0.7,0.6,9.295641040284755,14.557311091763927
0.7,0.65,8.572442988039358,9.935113668992804
0.7,0.7,7.651017222564525,2.196064526284771
0.7,0.75,6.440540340514202,-10.779878719328064
0.7,0.8,4.7864783356546505,-32.856172808291255
0.7,0.85,2.4041551054450547,-71.54252127732094
0.7,0.9,-1.2912528087462314,-142.89237955058522
0.7,0.95,-7.710365734162974,-286.69983649614755
0.75,0.0,12.853675774401054,18.022810798968358
0.75,0.05,12.740001230680202,18.487879036944623
0.75,0.1,12.613935959726119,18.954189554061912
0.75,0.15,12.473379781102615,19.413676126518684
0.75,0.2,12.31573745764301,19.85422674873386
0.75,0.25,12.137765705106164,20.257580042768545
0.75,0.3,11.935360380156773,20.59597436438832
0.75,0.35,11.703254918080246,20.82677137426126
0.75,0.4,11.434584048401266,20.883779448012792
0.75,0.45,11.120237658066912,20.66315129439102
0.75,0.5,10.747878065472104,20.000220933374283
0.75,0.55,10.300399033942217,18.63086329292135
0.75,0.6,9.753422265403769,16.125598825556185
0.75,0.65,9.071057250072611,11.773785659186325
0.75,0.7,8.198353729306824,4.371766323390771
0.75,0.75,7.0470287807966265,-8.185692602186972
0.75,0.8,5.466359295447883,-29.75002589512404
0.75,0.85,3.177760498237954,-67.83475612354859
0.75,0.9,-0.3928052438002587,-138.5532181723162
0.75,0.95,-6.632853694160032,-281.9407081305474
0.8,0.0,13.100823820129321,18.73831527229709
0.8,0.05,12.998171835743655,19.252975240490603
0.8,0.1,12.884145124881263,19.775710573012823
0.8,0.15,12.756789057614684,20.299843495274917
0.8,0.2,12.613682828848274,20.81500876537122
0.8,0.25,12.451793929816821,21.30515566185589
0.8,0.3,12.267275214610297,21.74533545560829
0.8,0.35,12.05517659032512,22.096506206938734
0.8,0.4,11.809026772369466,22.297092923189517
0.8,0.45,11.520212103227289,22.24919246324193
0.8,0.5,11.177028975992947,21.79580378007314
0.8,0.55,10.763193369224581,20.682676002719113
0.8,0.6,10.255411659472923,18.49298069926392
0.8,0.65,9.619252800102762,14.53205702717398
0.8,0.7,8.801776225021209,7.615781659780868
0.8,0.75,7.717544697710051,-4.339037619453751
0.8,0.8,6.220010412549504,-25.1643481140798
0.8,0.85,4.037029364256288,-62.37404029146039
0.8,0.9,0.6053698991654797,-132.15707535044973
0.8,0.95,-5.440789030843667,-274.87701028907816
0.85,0.0,13.373313462496272,19.92359682135659
0.85,0.05,13.283204781094476,20.51902332721943
0.85,0.1,13.182908837988371,21.133322652534435
0.85,0.15,13.070644894605296,21.761934265296365
0.85,0.2,12.944201128658674,22.39714035360945
0.85,0.25,12.800798269543662,23.02622218033051
0.85,0.3,12.63689880466467,23.62845080682054
0.85,0.35,12.447934953824706,24.17016007923542
0.85,0.4,12.227912564589115,24.596660887259194
0.85,0.45,11.968820473935622,24.818912506138016
0.85,0.5,11.659725732749205,24.6913621852717
0.85,0.55,11.285344138754564,23.974573184615274
0.85,0.6,10.823699559929466,22.27084901528192
0.85,0.65,10.242127016455436,18.910008234459774
0.85,0.7,9.49009807998966,12.738470905805167
0.85,0.75,8.485537960965777,1.7087813761194939
0.85,0.8,7.086691474474398,-17.976477920679855
0.85,0.85,5.0284239431039355,-53.82214254035507
0.85,0.9,1.7581787324273512,-122.11598358346193
0.85,0.95,-4.071405996579989,-263.7034227448846
0.9,0.0,13.687313372634058,22.04112689091527
0.9,0.05,13.612286855478898,22.778405851604052
0.9,0.1,13.528554248493323,23.553014040664557
0.9,0.15,13.434558704419006,24.36390600578403
0.9,0.2,13.328358702890522,25.207741147298883
0.9,0.25,13.207504065960455,26.077291098419533
0.9,0.3,13.068861620913411,26.958763685987808
0.9,0.35,12.908365312412368,27.827320601961695
0.9,0.4,12.72065025543748,28.639587636046198
0.9,0.45,12.498503722137619,29.321126599492818
0.9,0.5,12.232018594030585,29.74534837690109
0.9,0.55,11.907246422054103,29.69756548779901
0.9,0.6,11.503975098045917,28.81245296809271
0.9,0.65,10.991903035099677,26.462020775184897
0.9,0.7,10.323711819328425,21.54679271811021
0.9,0.75,9.421733248169897,12.08548486639825
0.9,0.8,8.150274760076845,-5.649122415799034
0.9,0.85,6.252379625250418,-39.12494368586454
0.9,0.9,3.185686396876189,-104.76574774817044
0.9,0.95,-2.3870135450461083,-244.22665091553853
0.95,0.0,14.08607174672932,26.417265027487723
0.95,0.05,14.031444683805216,27.443765924656383
0.95,0.1,13.970229910153467,28.5445207867289
0.95,0.15,13.901207538812724,29.725402692031295
0.95,0.2,13.822846247380808,30.991680541212887
0.95,0.25,13.733199712169927,32.346929529565436
0.95,0.3,13.629759690818307,33.791032836649315
0.95,0.35,13.509243410225363,35.316620573466075
0.95,0.4,13.367278943978386,36.90284356881442
0.95,0.45,13.197927789103217,38.50459240113465
0.95,0.5,12.992939445017354,40.03384069070159
0.95,0.55,12.74054893447033,41.32708237072072
0.95,0.6,12.423462400221107,42.087463583096486
0.95,0.65,12.015330227913141,41.77898886345513
0.95,0.7,11.474240188491745,39.425222461482115
0.95,0.75,10.729930787954835,33.20511846202408
0.95,0.8,9.65663717170629,19.58194604676207
0.95,0.85,8.009503345874123,-8.757525774869151
0.95,0.9,5.255491923844013,-68.42431945195929
0.95,0.95,0.03935018434272977,-202.87341005060117
